frame_index,query,object_present,map_correct,reasoning
0,ball,False,True,"The RGB image does not contain any object identifiable as a 'ball'. The semantic similarity map for 'ball' correctly shows uniformly low similarity (darker shades of blue/green, no yellow areas), indicating the absence of the object."
1,ball,False,True,"The RGB image does not contain any object identifiable as a 'ball'. The similarity map correctly reflects this by showing low similarity (dark blue/purple and green colors) across the entire scene, with no bright yellow areas indicating high similarity."
2,ball,False,True,"The RGB image does not contain any object that can be identified as a 'ball'. The similarity map correctly reflects this by showing uniformly low similarity (dark blue/purple/green tones) across the entire area, with no high similarity (yellow) regions."
3,ball,False,True,"The RGB image does not contain any object identifiable as a 'ball'. The similarity map correctly reflects this by showing low similarity (predominantly purple/blue/green tones) across the entire image, with no high similarity (yellow) areas."
4,ball,False,True,"The RGB image does not contain any object identifiable as a 'ball'. The semantic similarity map correctly reflects this by showing predominantly low similarity (dark/purple colors) across the entire scene, with no high similarity (yellow) areas."
5,ball,False,False,"The RGB image does not contain any object identifiable as a 'ball'. Therefore, the similarity map cannot correctly highlight the object's location with high similarity, and indeed, the map shows no yellow/bright areas indicating high similarity."
6,ball,False,False,"The RGB image does not contain any object identifiable as a 'ball'. The similarity map also does not show any high similarity (yellow) areas, which is consistent with the absence of the object. Since the object is not present, the map cannot be considered correct in highlighting it."
7,ball,False,True,"The RGB image does not contain any object identifiable as a 'ball'. The semantic voxel similarity map for 'ball' correctly shows low similarity (darker blue/green colors) across the entire scene, with no high similarity (yellow/bright) areas, which is appropriate given the absence of the object."
8,ball,False,False,"No 'ball' is visible anywhere in the RGB image. Therefore, the object is not present. Since the object is not present, the similarity map cannot correctly highlight its location, even though it does not show strong high similarity areas."
9,ball,True,True,"There are at least two balls visible in the RGB image: a small, colorful toy ball on the bed frame/shelf in the upper left background, and another larger, deflated-looking ball further back. The similarity map correctly shows high similarity (yellow areas) in the upper central region, which corresponds to the location of these balls in the RGB image."
10,ball,True,True,"A red and white striped ball is visible in the bottom-left corner of the RGB image, inside a toy basket. The semantic voxel similarity map correctly highlights this area with high similarity (yellow), indicating the presence and location of the 'ball'."
11,ball,False,True,"The RGB image does not show any object that can be identified as a 'ball'. The semantic voxel similarity map for 'ball' shows uniformly low to medium similarity (predominantly green/purple tones) across the entire scene, with no high similarity (yellow) regions. This correctly indicates the absence of a 'ball' in the scene."
12,ball,False,True,"The RGB image does not contain any object identifiable as a 'ball'. The semantic voxel similarity map correctly reflects this by showing low similarity (predominantly green and purple, with no bright yellow areas) across the entire scene, indicating the absence of a 'ball'."
13,ball,False,False,"The RGB image does not contain any object identifiable as a 'ball'. Since the object is not present, the similarity map cannot correctly highlight its location."
14,ball,False,False,"The RGB image does not contain any object that can be identified as a 'ball'. Therefore, the similarity map cannot correctly highlight a 'ball' as it is not present in the scene."
15,ball,False,False,"The RGB image does not show any object that can be identified as a 'ball'. Therefore, the similarity map cannot correctly highlight a 'ball' as it is not present in the scene."
16,ball,False,False,"The RGB image does not contain any object that can be identified as a 'ball'. Consequently, the similarity map cannot correctly highlight the location of a 'ball' as it is not present in the scene."
17,ball,False,False,"The RGB image does not contain any object identifiable as a 'ball'. Therefore, the similarity map cannot correctly highlight its location. The map itself shows no areas of high similarity (yellow) that would suggest the presence of a 'ball'."
18,ball,False,True,"The RGB image does not contain any object that can be identified as a 'ball'. The semantic similarity map for 'ball' correctly shows low similarity (predominantly green and purple areas) across the entire scene, indicating the absence of the object."
19,ball,False,True,"The RGB image does not contain any object identifiable as a 'ball'. The similarity map correctly reflects this by showing predominantly low to medium similarity (purple/green areas) across the entire scene, with no high similarity (yellow/bright) regions that would indicate the presence of a 'ball'."
20,ball,False,False,"The RGB image does not contain an object identifiable as a 'ball'. Therefore, the similarity map cannot correctly highlight its location, as there is no 'ball' to highlight."
21,ball,False,True,"The RGB image does not contain any object identifiable as a 'ball'. The similarity map correctly reflects this by showing no high similarity (yellow) areas, indicating the absence of the object."
22,ball,False,False,"The RGB image does not show any object identifiable as a 'ball'. Therefore, the similarity map cannot correctly highlight a 'ball' as it is not present in the scene."
23,ball,False,True,"The RGB image does not contain any object that can be identified as a 'ball'. The similarity map correctly reflects this by showing low similarity (dark purple/green) across the entire scene, with no high similarity (yellow) areas."
24,ball,False,True,"The RGB image does not contain any object identifiable as a 'ball'. The similarity map correctly reflects this by showing predominantly low to medium similarity (greens and purples) across the entire scene, with no areas of high similarity (yellow) that would indicate the presence of a 'ball'."
25,ball,False,True,"The RGB image does not contain any object identifiable as a 'ball'. The semantic similarity map correctly reflects this by showing predominantly low similarity (purple/dark green areas) across the entire scene, indicating the absence of a 'ball'."
26,ball,False,True,"The RGB image does not contain any object that can be identified as a 'ball'. The similarity map for 'ball' correctly shows low similarity (darker colors) across the entire scene, indicating the absence of the object."
27,ball,False,False,"The RGB image does not show any object identifiable as a 'ball'. Therefore, the object is not present, and the similarity map cannot be correct in highlighting it."
28,ball,False,True,"The RGB image does not contain any object that can be identified as a 'ball'. The semantic similarity map correctly shows low similarity (predominantly green and purple, no yellow) across the entire scene, indicating the absence of a 'ball'."
29,ball,False,True,"No 'ball' is present in the RGB image. The red items are cushions/pillows, not balls. The similarity map correctly shows no areas of high similarity (yellow) for a 'ball', indicating its absence."
30,ball,False,False,"The RGB image does not contain a 'ball'. The similarity map incorrectly shows a high similarity (yellow area) in the bottom-left corner, corresponding to the wooden floor, where no ball is present. A correct map for an absent object should show low similarity everywhere."
31,ball,True,True,"A basketball is clearly visible on the bottom shelf of the wooden cabinet on the left side of the RGB image. The similarity map correctly highlights this area with bright yellow, indicating high similarity to 'ball'."
32,ball,True,True,"A ball (specifically, a basketball) is clearly visible in the bottom-left corner of the RGB image. The semantic voxel similarity map correctly highlights this exact location with high similarity (yellow areas)."
33,ball,False,True,"The RGB image does not contain any object that can be identified as a 'ball'. The semantic voxel similarity map for 'ball' correctly shows low similarity (predominantly green/purple, with no bright yellow areas) across the entire scene, indicating the absence of the object."
34,ball,False,True,"The RGB image does not contain any object identifiable as a 'ball'. The semantic similarity map correctly reflects this by showing predominantly low similarity (purple/dark areas) across the entire scene, with no high similarity (yellow) regions."
35,ball,False,True,"The RGB image does not contain any object identifiable as a 'ball'. The semantic similarity map correctly reflects this by showing predominantly low similarity (purple/green areas) across the entire scene, with no high similarity (yellow) regions."
36,ball,False,False,"The RGB image does not contain any object that can be identified as a 'ball'. Therefore, the similarity map cannot correctly highlight the object's location."
37,ball,True,True,"The RGB image clearly shows multiple balls (a volleyball and a basketball) at the bottom center, inside an open cabinet. The semantic similarity map accurately highlights this exact region with high similarity (yellow), while other areas show low similarity (purple)."
38,ball,True,True,"The RGB image clearly shows multiple balls (a basketball, a volleyball, and a spiky ball) within the scene. The semantic similarity map correctly highlights the location of the basketball and volleyball with bright yellow areas, indicating high similarity to the object 'ball'."
39,ball,True,True,"Multiple 'balls' are present in the RGB image: a colorful spiky ball in a bin on the left, and a basketball and a volleyball on a shelf on the right. The similarity map correctly shows high similarity (yellow areas) corresponding to the locations of these balls, particularly strongly highlighting the basketball and volleyball on the shelf."
40,ball,True,True,"Multiple balls are present in the RGB image, including a colorful spiky ball, a soccer ball, a basketball, and a volleyball. The similarity map correctly highlights these areas with high similarity (yellow/bright regions), particularly on the right where the basketball and volleyball are located, and to a lesser extent on the left where the other balls are."
41,ball,True,True,"Multiple balls are present in the RGB image: a soccer ball and a rainbow ball in the bin under the bed, and a basketball on the shelf to the right. The similarity map correctly shows high similarity (yellow areas) corresponding to the location of the basketball on the right, and also some brighter areas for the balls in the bin on the left."
42,ball,True,True,"Multiple balls are present in the RGB image: a yellow and black ball and a rainbow-colored spiky ball in a bin next to the bed, and a red and white striped ball partially visible on the far right. The similarity map correctly highlights the location of the red and white striped ball on the far right with a bright yellow area, indicating high similarity. It also shows some elevated similarity (lighter green/yellow) for the balls in the bin."
43,ball,False,True,"The RGB image does not contain an object that can be identified as a 'ball'. The yellow and black object visible is a bag, not a ball. The similarity map correctly shows no areas of high similarity (yellow) for a 'ball', indicating its absence."
44,ball,False,False,"The RGB image does not contain any object that can be identified as a 'ball'. Therefore, the object is not present in the scene. Since the object is not present, the similarity map cannot be considered correct in highlighting its location. Ideally, a correct map for a non-present object would show uniformly low similarity."
45,ball,False,True,"The RGB image does not contain any object identifiable as a 'ball'. The semantic similarity map correctly reflects this by showing predominantly low similarity values (purple/dark areas) across the entire scene, with no high similarity (yellow/bright areas) that would indicate the presence of a 'ball'."
46,ball,False,True,"The RGB image shows a window with blinds and curtains, and a ceiling. There is no object resembling a 'ball' present in the scene. The similarity map correctly reflects this by showing predominantly low similarity (dark purple/blue areas) across the entire image, with no high similarity (yellow) regions."
47,ball,False,True,"The RGB image does not contain any object identifiable as a 'ball'. The semantic similarity map correctly reflects this by showing predominantly low similarity (darker colors) across the entire scene, with no bright yellow areas indicating the presence of a 'ball'."
48,ball,False,True,"No 'ball' is visible in the RGB image. The similarity map correctly reflects this by showing predominantly low similarity (green/purple tones) across the scene, with no significant yellow/bright areas indicating the presence of a 'ball'."
49,ball,True,True,"A colorful, spiky ball is clearly visible on the right side of the bed in the RGB image. The semantic similarity map correctly highlights this object's location with high similarity (yellow/bright green areas) in the corresponding region."
50,ball,False,False,"The RGB image does not contain any object that can be identified as a 'ball'. Therefore, the object is not present. Since the object is not present, the similarity map cannot correctly highlight it, making the map incorrect."
51,ball,False,True,"No 'ball' is visible in the RGB image. The semantic similarity map correctly reflects this by showing no areas of high similarity (yellow), indicating the absence of the object."
52,ball,False,True,"The RGB image does not contain any object that can be identified as a 'ball'. The semantic similarity map correctly reflects this by showing predominantly low similarity (dark purple/green colors) across the entire scene, indicating the absence of the object."
53,ball,False,True,"The RGB image does not contain any object identifiable as a 'ball'. The similarity map correctly reflects this by showing predominantly low similarity values (darker colors) across the entire scene, with no bright yellow areas indicating the presence of a 'ball'."
54,ball,False,True,"The RGB image does not contain any object identifiable as a 'ball'. The similarity map correctly reflects this by showing predominantly low to medium similarity (green/purple) across the entire scene, with no high similarity (yellow) areas."
55,ball,False,True,The RGB image does not contain any object that resembles a 'ball'. The similarity map correctly reflects this by showing no high similarity (yellow areas) anywhere in the scene for the object 'ball'.
56,ball,False,True,"The RGB image does not contain any object identifiable as a 'ball'. The semantic similarity map correctly reflects this by showing predominantly low similarity (darker colors) across the entire scene, with no high-similarity (yellow) regions."
57,ball,False,True,"The RGB image does not contain a 'ball'. The semantic similarity map correctly shows low similarity (dark purple/blue areas) across the entire image, indicating the absence of the object."
58,ball,False,True,"The RGB image does not contain any object that can be identified as a 'ball'. The similarity map correctly reflects this by showing uniformly low similarity (dark blue/purple colors) across the entire scene, with no bright yellow areas indicating the presence of a 'ball'."
59,ball,False,True,"The RGB image does not show any object that can be identified as a 'ball'. The similarity map correctly reflects this by showing low similarity (dark blue/green colors) across the entire scene, with no bright yellow areas indicating the presence of a 'ball'."
60,ball,False,True,"No 'ball' is visible in the RGB image. The similarity map correctly reflects this by showing predominantly low similarity (green/purple areas) across the entire scene, with no bright yellow areas indicating high similarity."
61,ball,False,False,"The RGB image does not contain any object identifiable as a 'ball'. Therefore, the object is not present. The similarity map shows varying levels of similarity, including some brighter (higher similarity) areas, but since no ball is present, these highlights are incorrect."
62,ball,False,True,"The RGB image does not contain any object that can be identified as a 'ball'. The semantic similarity map for 'ball' shows predominantly low to moderate similarity (greens and purples) across the entire scene, with no high similarity (yellow) areas. This correctly indicates the absence of a 'ball' in the image."
63,ball,False,False,"The RGB image does not contain any object that can be identified as a 'ball'. Since the object is not present, the similarity map cannot correctly highlight its location."
64,ball,False,False,"The RGB image does not contain any object identifiable as a 'ball'. Therefore, the similarity map cannot correctly highlight its location. The map itself shows only low to moderate similarity values (greens and purples), with no high similarity (yellow) areas."
65,ball,False,True,"The RGB image does not contain any object that can be identified as a 'ball'. The similarity map for 'ball' correctly shows predominantly low similarity (dark blue/purple and green areas) across the entire scene, indicating the absence of the object."
66,ball,False,False,"The RGB image does not contain any object that can be identified as a 'ball'. Consequently, the similarity map cannot correctly highlight a 'ball', and it does not show any high similarity (yellow) areas."
67,ball,False,True,"The RGB image does not contain any object identifiable as a 'ball'. The semantic similarity map correctly reflects this by showing low similarity (no yellow/bright areas) across the entire scene, indicating the absence of a 'ball'."
68,ball,False,True,"The RGB image does not contain any object that can be identified as a 'ball'. The semantic voxel similarity map for 'ball' correctly shows low similarity (dark blue/green colors) across the entire scene, with no bright yellow areas indicating high similarity, which is appropriate given the absence of the object."
69,ball,False,True,"The RGB image does not contain any object that can be identified as a 'ball'. The similarity map correctly reflects this by showing predominantly low to moderate similarity (green/purple) across the entire scene, with no high similarity (yellow) regions."
70,ball,False,True,"The RGB image does not contain any object that can be identified as a 'ball'. The semantic similarity map correctly shows no high similarity (yellow/bright) areas, indicating the absence of the object 'ball' in the scene."
71,ball,False,True,"The RGB image does not contain any object identifiable as a 'ball'. The similarity map correctly reflects this by showing predominantly low similarity (darker colors) across the entire scene, with no bright yellow areas indicating the presence of a 'ball'."
72,ball,False,True,"The RGB image does not contain any object identifiable as a 'ball'. The similarity map correctly reflects this by showing low similarity (dark/purple/blue-green colors) across the entire scene, with no high similarity (yellow) areas."
73,ball,False,True,"The RGB image does not contain any object identifiable as a 'ball'. The semantic voxel similarity map correctly reflects this by showing low similarity values (dark purple/blue and green, no bright yellow) across the entire scene, indicating the absence of a 'ball'."
74,ball,False,True,"The RGB image does not contain any object identifiable as a 'ball'. The similarity map correctly reflects this by showing low similarity (dark purple/green areas) across the entire scene, with no bright yellow highlights."
75,ball,False,False,"The RGB image does not contain a 'ball'. The scene shows a tiled floor, a rug, and a piece of paper. Since no 'ball' is present, the similarity map cannot correctly highlight it. The map itself also does not show any areas of high similarity (yellow)."
76,ball,False,True,"The RGB image does not contain any object that can be identified as a 'ball'. The similarity map correctly shows low similarity (no yellow/bright areas) across the entire scene, indicating the absence of a 'ball'."
77,ball,False,True,The RGB image does not contain any object identifiable as a 'ball'. The semantic similarity map correctly reflects the absence of a 'ball' by showing only low to moderate similarity (blue/green/purple areas) and no high similarity (yellow) areas.
0,door,False,False,"The RGB image does not contain a 'door'. The similarity map incorrectly shows high similarity (yellow areas) on the right side, despite the absence of a door in the scene."
1,door,False,False,"The RGB image shows a tiled floor with a rug and a framed picture. There is no 'door' visible in the scene. Therefore, the object is not present. The similarity map incorrectly shows areas of high similarity (yellow) despite the absence of a door."
2,door,False,False,"The RGB image shows a tiled floor with a rug and a framed picture. There is no 'door' visible in the scene. Therefore, the similarity map cannot correctly highlight a non-existent object."
3,door,False,False,"The RGB image does not contain a 'door'. It shows a tiled floor, a rug, and a framed picture. Therefore, the object 'door' is not present in the scene. The similarity map shows some high similarity areas on the right, but these do not correspond to any door in the RGB image."
4,door,False,False,"The RGB image does not contain a 'door'. The similarity map, however, shows areas of high similarity (yellow) which incorrectly suggests the presence of a door."
5,door,False,False,"The RGB image does not contain a 'door'. The scene shows a tiled floor with a rug and a picture frame. Since no 'door' is present, the similarity map should ideally show low similarity everywhere. However, the map displays areas of high similarity (yellow/bright green) on the right side, which is incorrect given the absence of the object."
6,door,False,False,"The RGB image 'RGB Frame 6' does not contain a 'door'. The semantic voxel similarity map, therefore, cannot correctly highlight a door. The map shows areas of high similarity (yellow) on the right side, which is incorrect as no door is present in the scene."
7,door,False,False,"The RGB image does not contain a 'door'. The similarity map, however, shows areas of medium to high similarity (green to yellow-green) on the right side, which is incorrect as no door is present in the scene. Ideally, the map should show low similarity (dark/purple) everywhere if the object is absent."
8,door,True,True,"The RGB image clearly shows parts of wooden doors or door frames on both the left and right sides of the upper portion of the image. The similarity map correctly highlights these areas with high similarity (yellow/bright regions) in the corresponding upper left and upper right corners, while the floor area shows low similarity (purple/dark regions)."
9,door,True,True,"The RGB image clearly shows parts of a wooden door frame on both the left and right sides of the foreground. The similarity map correctly highlights these door frame areas with bright yellow, indicating high similarity to 'door', while the rest of the scene (floor, rug, chair) shows low similarity."
10,door,True,False,"A door frame is visible on the far right side of the RGB image. However, the similarity map does not correctly highlight this area with high similarity (yellow). The region corresponding to the door frame is mostly a medium green, while other areas, such as parts of the cabinet and chair in the center-left, show similar or even higher similarity."
11,door,False,True,"The RGB image does not clearly show a 'door'. The scene depicts a room corner with walls, a ceiling, and some wall decorations, but no identifiable door. Consequently, the similarity map correctly shows low similarity (predominantly green/purple) across the entire scene, indicating the absence of a 'door' object."
12,door,True,False,"The RGB image clearly shows a door frame on the right side. However, the similarity map for 'door' does not highlight this area with high similarity (yellow); instead, it shows low to medium similarity (green/purple)."
13,door,False,False,"The RGB image does not show a 'door'. The similarity map, however, displays areas of moderate to high similarity (green/light green) in the central-left region, which is incorrect as no door is present in the scene."
14,door,False,True,"The RGB image does not show a 'door'. The similarity map correctly reflects this by showing low similarity (predominantly purple/green, no bright yellow areas) across the entire scene, indicating the absence of a door."
15,door,False,True,"The RGB image does not show a 'door'. The similarity map correctly reflects this by displaying low similarity (dark/purple colors) across the entire scene, indicating no 'door' is present or highlighted."
16,door,False,False,"The RGB image does not contain a 'door'. Therefore, the similarity map cannot correctly highlight the object, as it is not present in the scene."
17,door,False,True,"The RGB image does not contain a 'door'. The similarity map correctly reflects this by showing predominantly low similarity (darker colors) across the entire map, with no bright yellow areas indicating the presence of a door."
18,door,False,True,"The RGB image does not contain a 'door'. The similarity map correctly shows low similarity (predominantly dark green/purple areas) across the entire scene, indicating that no 'door' is detected. There are no bright yellow areas that would incorrectly highlight an object as a door."
19,door,False,True,"The RGB image does not show a 'door'. The similarity map correctly reflects this by showing predominantly low similarity (purple/green tones) across the entire map, indicating no high similarity for a 'door'."
20,door,False,True,"The RGB image does not show a 'door'. The semantic similarity map correctly reflects this by showing no areas of high similarity (yellow) for the object 'door', indicating its absence."
21,door,False,True,"The RGB image does not show a 'door'. The semantic similarity map correctly reflects this by showing predominantly low similarity (darker colors) throughout the image, indicating the absence of a 'door'."
22,door,False,False,"The RGB image does not show a 'door'. Therefore, the object is not present. Consequently, the similarity map cannot correctly highlight the location of a 'door'."
23,door,False,True,"The RGB image does not depict a 'door' anywhere in the scene. The similarity map correctly reflects this by showing generally low similarity (no bright yellow areas) across the entire map, indicating the absence of the object."
24,door,False,True,"The RGB image does not contain a 'door'. The similarity map correctly shows low similarity (no yellow/bright areas) across the entire scene, indicating the absence of the object."
25,door,False,True,"The RGB image does not show a 'door'. The similarity map correctly reflects this by showing predominantly low similarity (dark purple/green areas) across the entire scene, with no high similarity (yellow) regions."
26,door,False,False,"The RGB image does not show a 'door'. Therefore, the object is not present. Since the object is not present, the similarity map cannot correctly highlight its location, making the map incorrect in the context of 'highlighting' a present object."
27,door,True,False,"A door frame or the edge of a door is visible on the far left side of the RGB image. However, the similarity map for 'door' does not show high similarity (yellow areas) corresponding to this location. The map is predominantly green/purple, indicating low to medium similarity across the scene, failing to highlight the door."
28,door,False,False,"The RGB image does not show a 'door'. The scene primarily features a couch, a wall, and a shelf. Since no door is present, the similarity map cannot correctly highlight it. The map itself shows very low similarity (mostly purple/dark green) across the entire scene for the object 'door'."
29,door,False,True,"The RGB image does not contain a 'door'. The similarity map correctly reflects this by showing predominantly low similarity (purple/dark green areas) across the entire scene, with no high similarity (yellow) regions."
30,door,False,True,"The RGB image does not contain a 'door'. The scene shows a sofa, pillows, a wooden floor, and a wooden cabinet. The similarity map correctly reflects the absence of a door by showing low similarity values (darker colors) throughout the entire image, with no bright yellow areas indicating high similarity."
31,door,False,False,"The RGB image does not contain a 'door' (e.g., a room door or a clearly identifiable cabinet door). The wooden panels on the left appear to be part of a shelf unit or cabinet, but not a distinct door. Consequently, the similarity map, which shows mostly low to moderate similarity (green/purple tones) and no strong yellow highlights, cannot be correct as there is no object to highlight."
32,door,True,False,"A 'door' is present in the RGB image in the form of cabinet doors on the large wooden unit on the left. However, the similarity map does not correctly highlight these doors with high similarity (yellow areas). The regions corresponding to the cabinet doors are mostly green/teal, indicating moderate similarity, and some parts are even dark purple (low similarity)."
33,door,True,True,"A wardrobe with multiple door panels is clearly visible on the left side of the RGB image. The semantic similarity map correctly highlights these vertical door panels with high similarity (yellow/bright green areas), indicating the presence and location of 'door' elements."
34,door,False,False,"The RGB image does not contain a 'door' (referring to a room door). The visible wooden structures are cabinets. Since no door is present, the similarity map cannot correctly highlight its location. Furthermore, the map shows some areas of moderate to slightly high similarity (brighter green/yellowish spots) where no door exists, making it incorrect."
35,door,False,True,"The RGB image does not contain a 'door' (e.g., a room door). The semantic similarity map correctly shows very low similarity (mostly purple/dark green) across the entire image, indicating the absence of the object. There are no strong yellow highlights that would incorrectly suggest the presence of a door."
36,door,True,False,"A door is present in the RGB image, specifically the wooden panel of the wardrobe on the left. However, the similarity map does not correctly highlight this door with high similarity (yellow areas). The map shows mostly moderate to low similarity (green/purple tones) across the entire image, without a distinct bright yellow region corresponding to the door's location."
37,door,True,False,"A cabinet door (the large wooden panel in the center-left) is present in the RGB image. However, the similarity map does not correctly highlight this door with high similarity (yellow/bright areas). The map shows a diffuse pattern of green and light green, with no clear, localized bright yellow region corresponding to the door's location."
38,door,True,False,"The RGB image clearly shows two cabinet doors on the right side of the frame. However, the semantic similarity map for 'door' does not highlight these doors with high similarity (yellow areas). The regions corresponding to the cabinet doors in the map are predominantly green/blue, indicating low to medium similarity."
39,door,False,True,"No 'door' is visible in the RGB image. The semantic similarity map correctly reflects this by showing predominantly low similarity (green/purple tones) across the entire scene, with no bright yellow areas indicating the presence of a door."
40,door,False,False,"The RGB image does not contain a 'door'. The similarity map is incorrect because it displays varying levels of similarity, including some areas of higher similarity (yellow/lime green), when it should ideally show uniformly low similarity (dark purple) across the entire scene since the object is absent."
41,door,False,False,"A 'door' is not clearly visible in the RGB image. The similarity map, however, shows areas of intermediate to moderate similarity (green/teal and lighter green/yellowish on the right), rather than uniformly low similarity (dark/purple) which would be expected if the object is absent. Therefore, the map is not correct."
42,door,False,True,"A 'door' is not present in the RGB image; there is a curtain on the right side, but no visible door structure. The similarity map correctly shows low to medium similarity (predominantly purple and green areas) across the entire image, indicating no high similarity for a 'door'."
43,door,False,False,"The RGB image does not show a 'door'. The scene depicts a room with a bed, a window, and curtains. Since no door is present in the RGB image, the similarity map cannot correctly highlight it."
44,door,False,False,"The RGB image displays a window with blinds and plants on the windowsill, but no door is visible. The similarity map, however, incorrectly shows high similarity (yellow/bright green areas) in several parts of the image, suggesting the presence of a 'door' where none exists."
45,door,False,False,"The RGB image displays a window with blinds and curtains, but no door is visible. The similarity map, however, shows several areas with high similarity (yellow/bright green), incorrectly indicating the presence of a 'door' where none exists."
46,door,False,False,"The RGB image displays a window with curtains and blinds, but no door is visible. The similarity map, however, shows areas of medium to high similarity (green to yellowish-green), which incorrectly suggests the presence of a 'door' or parts resembling it, even though no door is in the scene."
47,door,False,False,"The RGB image shows a window with blinds, curtains, and plants on a windowsill. There is no 'door' visible in the scene. Therefore, the object is not present. The similarity map shows varying levels of similarity, including some areas with medium to high similarity (greenish-yellow), which is incorrect since no door exists in the image. A correct map for an absent object should show uniformly low similarity (purple) everywhere."
48,door,False,True,"The RGB image does not contain a 'door'. The similarity map is predominantly dark/purple, indicating low similarity for 'door' across the scene, which is correct given the absence of the object. There are no significant bright/yellow areas that would falsely highlight a door."
49,door,False,False,"The RGB image does not contain a 'door'. Therefore, the similarity map cannot correctly highlight it. The map itself shows mostly low to medium similarity values, with no distinct bright yellow areas that would indicate the presence of a door."
50,door,False,True,"The RGB image shows a bed, a rug, and a wooden floor, but no 'door' is visible. The similarity map correctly shows low similarity (darker colors, no yellow) across the entire frame, indicating the absence of a 'door'."
51,door,False,False,"The RGB image does not show a 'door'. Therefore, the object is not present. Since the object is not present, the similarity map cannot correctly highlight its location. The map also does not show uniformly low similarity, which would be the ideal representation for a non-existent object."
52,door,False,False,"The RGB image does not show a 'door'. The scene depicts a bed and a window, but no door is visible. Since the object is not present, the similarity map cannot correctly highlight it. The map shows varying levels of similarity, but none correspond to a door in the scene."
53,door,False,True,"The RGB image does not contain a 'door'. The scene primarily shows a window with curtains, plants, and a radiator. The similarity map correctly does not highlight any area with high similarity (yellow), indicating the absence of the object."
54,door,False,False,The RGB image does not contain a 'door'. The similarity map is incorrect because it shows areas of medium to high similarity (green/yellow-green) for 'door' even though the object is not present in the scene.
55,door,False,False,The RGB image does not show a 'door'. The similarity map is incorrect because it displays areas of medium to high similarity (green/yellowish hues) despite the absence of the target object.
56,door,False,True,The RGB image does not contain a visible 'door'. The similarity map correctly reflects this by showing low similarity (no bright yellow areas) across the entire scene.
57,door,False,True,"The RGB image does not contain a 'door'. The object on the left is a wall-mounted cabinet. The semantic similarity map correctly shows low similarity (predominantly dark purple/blue colors) across the entire scene, which is accurate given the absence of a door."
58,door,False,True,"The RGB image does not show a 'door'. The similarity map correctly reflects this by showing predominantly low similarity (dark purple/blue colors) across the entire image, with no areas of high similarity (yellow) that would indicate a door."
59,door,False,True,"The RGB image does not contain a 'door'. The similarity map correctly reflects this by showing predominantly low similarity (dark purple/blue colors) across the entire image, with no bright yellow areas indicating a door."
60,door,False,True,"The RGB image does not contain a 'door'. The semantic similarity map correctly reflects this by showing predominantly low similarity (darker colors) across the entire scene, with no bright yellow areas indicating the presence of a door."
61,door,False,True,"The RGB image does not contain a 'door'. The scene shows a room with a cabinet, a stool, and a rug, but no visible door. The similarity map correctly reflects this by showing low similarity (purple/green colors) across the entire image, indicating no 'door' is present or highlighted."
62,door,False,False,"The RGB image 'RGB Frame 62' does not contain a 'door'. Therefore, the similarity map cannot correctly highlight the object, as it is not present in the scene."
63,door,False,False,"The RGB image does not contain a 'door'. Therefore, the similarity map cannot correctly highlight its location, even though the map generally shows low similarity values consistent with the object's absence."
64,door,False,True,"The RGB image does not show a 'door'. The similarity map correctly reflects this by showing low similarity (predominantly green and purple areas) across the entire scene, with no bright yellow areas indicating the presence of a door."
65,door,False,True,"The RGB image does not show a 'door'. The similarity map correctly reflects this by showing low similarity (green/purple, no yellow) throughout the entire scene, indicating the absence of a door."
66,door,False,True,The RGB image does not contain a 'door'. The similarity map correctly reflects this by showing low similarity (no yellow/bright areas) across the entire scene.
67,door,True,True,"A door is clearly visible on the left side of the RGB image. The semantic similarity map correctly shows higher similarity (lighter green/yellow areas) corresponding to the location of the door in the RGB image, while the rest of the scene (wall, ceiling) shows lower similarity (darker green/purple)."
68,door,True,False,"A door is clearly visible on the left side of the RGB image. However, the similarity map does not highlight the door with high similarity (yellow/bright areas). The area corresponding to the door in the map is primarily green/teal, indicating moderate similarity, not high."
69,door,True,True,"A 'door' is clearly present in the RGB image. There is an open doorway on the far left, and a closed door in the center-left of the image. The similarity map correctly highlights both of these 'door' regions with high similarity (yellow areas)."
70,door,True,True,"The RGB image clearly shows an open door with a handle in the foreground, and another door visible further down the hallway. The similarity map correctly highlights these door areas with high similarity (yellow), accurately indicating the presence and location of the 'door' object."
71,door,True,True,"A door is clearly visible in the RGB image, partially open in the center. The similarity map correctly highlights the door and its frame with bright yellow areas, while the floor and other non-door elements show low similarity (purple/darker areas)."
72,door,True,True,"A wooden door frame or an open door is visible at the top of the RGB image. The similarity map correctly highlights this area with high similarity (yellow), indicating the presence and location of the 'door' object."
73,door,True,True,"A door is visible on the right side of the RGB image, partially open. The similarity map correctly highlights this area with high similarity (yellow/bright colors) on the right side, corresponding to the door and its frame."
74,door,True,True,"A light brown wooden door is clearly visible in the upper portion of the RGB image. The similarity map correctly highlights the area corresponding to the door with bright yellow, indicating high similarity."
75,door,False,False,"The RGB image displays an open doorway with visible door frames on the left and right. However, the movable 'door' panel itself is not present in the scene. Since the object 'door' (referring to the panel) is not present, the similarity map cannot correctly highlight its location."
76,door,False,False,"The RGB image does not show a 'door'. The scene depicts a tiled floor with a piece of paper and a rug. However, the similarity map incorrectly highlights several areas with high similarity (yellow/bright green), suggesting the presence of a 'door' where none exists."
77,door,False,False,"The RGB image does not clearly show a 'door' (the movable panel). While there might be an opening or doorway on the left side, a distinct door object is not visible. Therefore, the similarity map cannot correctly highlight a non-existent object."
0,floor,True,False,"A 'floor' is clearly present in the RGB image, consisting of tiled flooring partially covered by a rug and a poster. However, the similarity map does not correctly highlight the entire floor. While some areas of the floor (especially on the left) show moderate to high similarity (green/yellow), large portions of the tiled floor on the right and bottom are incorrectly marked with low similarity (purple/dark blue), indicating the map is not accurate for the object 'floor'."
1,floor,True,False,"A 'floor' is clearly present in the RGB image, consisting of tiled flooring and a rug. The similarity map shows high similarity (yellow/green) for the rug and some parts of the tiled floor, but incorrectly shows low similarity (purple/dark areas) for other significant portions of the tiled floor, particularly towards the right and center-right of the image, which are undeniably part of the floor."
2,floor,True,False,"A tiled floor is clearly present in the RGB image, covering most of the visible ground plane. However, the similarity map for 'floor' incorrectly shows low similarity (purple/dark areas) in significant portions of the floor, especially around and to the right of the poster, where the floor is clearly visible."
3,floor,True,False,"A 'floor' is clearly present in the RGB image, consisting of tiled flooring and a rug. However, the similarity map does not correctly highlight the entire floor area with high similarity. While some areas of the floor (e.g., the rug on the left, some tiles) show green/yellow, large portions of the tiled floor, particularly in the center and right, are incorrectly shown with low similarity (purple/darker green), indicating an inaccurate representation of the floor's location."
4,floor,True,False,"A tiled floor is clearly present in the RGB image, covering most of the scene. However, the similarity map does not correctly highlight the floor. While some areas of the floor (and the rug which lies on the floor) show high similarity (yellow/green), significant portions of the tiled floor, particularly on the right side and bottom-right, are incorrectly marked with low similarity (purple/dark areas)."
5,floor,True,True,"The RGB image clearly shows a tiled floor covering most of the scene. The similarity map correctly highlights the floor areas with high similarity (yellow/green) and shows lower similarity (purple/darker blue) for the rug and the framed picture, which are objects on the floor rather than the floor itself."
6,floor,True,True,"The RGB image clearly depicts a tiled floor with a rug on it. The similarity map correctly highlights the large flat surface of the tiled floor and the rug with high similarity (green/yellow areas), accurately indicating the location of the 'floor'. The poster lying on the floor shows lower similarity, which is appropriate as it is an object on the floor, not the floor itself."
7,floor,True,False,"A floor is clearly present in the RGB image, consisting of tiles and a rug. However, the similarity map does not correctly highlight the floor. The areas corresponding to the floor and rug in the RGB image are predominantly purple/dark green in the similarity map, indicating low similarity. The brightest yellow areas are at the very top of the map, corresponding to what appears to be the base of cabinets or a wall, not the main floor surface."
8,floor,True,True,"The RGB image clearly shows a floor, composed of both wooden planks and tiles. The similarity map correctly highlights the entire floor area (both wood and tile sections) with high similarity (yellow/bright green), while showing lower similarity for the surrounding walls and other objects."
9,floor,True,True,"A 'floor' is clearly present in the RGB image, consisting of both a wooden floor in the foreground and a shaggy rug further back. The similarity map correctly highlights these areas with high similarity (yellow/bright colors), indicating that both the wooden floor and the rug are recognized as part of the 'floor' object. Other objects like the chair, bed, and doors show lower similarity (purple/darker colors)."
10,floor,True,True,"A floor is clearly visible in the RGB image, occupying the lower-left and central-left portions. The similarity map correctly highlights these areas with bright yellow, indicating high similarity to 'floor'."
11,floor,False,True,"The RGB image does not show any part of a floor; the view is directed towards the walls and ceiling. The similarity map correctly reflects this by not showing any high similarity (yellow) areas for 'floor', indicating its absence or very low presence in the scene."
12,floor,False,True,"The RGB image displays a ceiling, walls, and a door frame, but no part of the floor is visible. The similarity map correctly reflects the absence of the 'floor' by showing uniformly low similarity (no yellow/bright areas) across the entire map."
13,floor,False,True,"The RGB image primarily shows a ceiling and walls, with a picture on one wall. The 'floor' is not visible in the frame. The similarity map correctly shows low to medium similarity (greens and purples) throughout, with no high similarity (yellow) areas, which is appropriate given the absence of the object."
14,floor,True,False,"A 'floor' is clearly present in the RGB image, visible as the light-colored surface at the bottom of the frame. However, the similarity map shows predominantly dark purple/blue colors (low similarity) in the area corresponding to the floor, rather than yellow/bright colors (high similarity)."
15,floor,False,False,"The RGB image does not clearly show a 'floor' as a distinct surface; it is mostly obscured by the table and other furniture in the foreground. Therefore, the object is not present in a discernible way. The similarity map, however, shows several greenish-yellow areas, particularly in the lower-left and central regions, indicating high similarity for 'floor'. This is incorrect, as there is no visible floor in those corresponding areas of the RGB image."
16,floor,True,True,"A small portion of the floor is visible in the bottom-left of the RGB image, beneath the chair. The similarity map correctly shows high similarity (yellow/bright green voxels) in this corresponding bottom-left region."
17,floor,True,True,"A floor is clearly visible in the RGB image, occupying the bottom portion of the frame, including both a wooden section and a rug. The similarity map correctly highlights these areas with high similarity (yellow/bright colors), indicating a strong match for the 'floor' object."
18,floor,True,False,"A wooden floor is clearly present in the RGB image. The similarity map correctly highlights the visible wooden floor areas with high similarity (yellow). However, it also incorrectly highlights the large rug in the foreground with high similarity, even though a rug is an object placed on the floor, not the floor itself."
19,floor,True,True,"A 'floor' (wooden floor and a rug) is clearly visible in the RGB image, occupying the lower and central-left portions. The similarity map correctly highlights these areas with yellow/bright green, indicating high similarity, while other objects like the couch, chair, and desk show lower similarity (purple/darker green)."
20,floor,True,True,"A wooden floor is clearly visible in the bottom-left portion of the RGB image. The semantic voxel similarity map correctly highlights this area with bright yellow, indicating high similarity to 'floor'."
21,floor,False,True,"The RGB image does not clearly show a 'floor'. The visible area is primarily occupied by a couch, pillows, and a table, with walls in the background. The bottom part of the image, where a floor might be, is obscured or not visible. The semantic similarity map for 'floor' correctly reflects this by showing predominantly low similarity (green/purple colors) across the entire map, with no significant areas of high similarity (yellow), indicating that a floor is not present or not a prominent feature in the scene."
22,floor,False,True,"The RGB image does not clearly show a 'floor' surface; the view appears to be cropped or angled such that the floor is out of frame or obscured by furniture. The similarity map correctly reflects this by showing predominantly low similarity (dark purple/green areas) across the entire image, indicating no 'floor' is detected or highlighted."
23,floor,False,True,"The RGB image shows an interior corner of a room, with walls and a ceiling visible. The 'floor' is not present or visible within the frame of the RGB image. The semantic similarity map correctly reflects this by showing low similarity (dark purple/green) across the entire scene, indicating the absence of the 'floor' object."
24,floor,False,True,"The RGB image is framed such that only the ceiling and upper parts of the walls are visible; the floor is not present in the view. The similarity map correctly reflects this by showing low similarity (darker colors) across the entire image, indicating no 'floor' is detected or highlighted."
25,floor,False,True,"The RGB image shows an upward view of a room, capturing the ceiling and upper parts of the walls. There is no 'floor' visible in the RGB image. The similarity map correctly reflects this by showing low to medium similarity (green/purple areas) across the entire map, with no high similarity (yellow/bright) areas that would indicate the presence of a 'floor'."
26,floor,False,True,"The RGB image shows a wall, a ceiling, and a clock, but no part of the floor is visible. The similarity map correctly reflects this by showing low similarity (darker colors) across the entire image, with no bright yellow areas indicating the presence of a floor."
27,floor,True,False,"A 'floor' is present in the RGB image, visible as the dark strip at the very bottom, particularly beneath the bed/furniture. However, the similarity map does not highlight this area (or any area) with high similarity (yellow). The map is predominantly dark green and purple, indicating low similarity to 'floor' throughout the scene."
28,floor,False,False,"The RGB image is cropped such that the 'floor' is not visible; the bottom of the image cuts off just below the couch. Since the object 'floor' is not present in the visible frame, the similarity map cannot correctly highlight its location."
29,floor,True,True,"A wooden floor is clearly visible in the RGB image, extending across the bottom of the frame beneath the sofa. The similarity map correctly highlights this area with bright yellow, indicating high similarity to 'floor'."
30,floor,True,True,"The RGB image clearly shows a wooden floor in the lower portion of the frame. The similarity map correctly highlights this area with bright yellow (high similarity), while the couch, cabinet, and wall areas show low similarity (darker colors)."
31,floor,True,True,"A wooden floor is clearly visible in the bottom left of the RGB image. The similarity map correctly highlights this area with high similarity (yellow), while other objects like the couch and cabinet show low similarity (purple/green)."
32,floor,True,False,"A 'floor' is visible in the RGB image at the bottom, beneath the cabinet and the grey object. However, the similarity map does not highlight this area with high similarity (yellow). The map shows mostly green and purple tones, indicating low to medium similarity for the 'floor' concept."
33,floor,False,True,"The RGB image does not clearly show a 'floor'; the frame is dominated by large furniture pieces and a wall. The similarity map correctly reflects this by showing low to medium similarity (mostly green and purple areas) across the entire image, with no high similarity (yellow) areas that would incorrectly indicate the presence of a floor."
34,floor,False,True,"The RGB image shows the upper portion of a room, including the ceiling, walls, and furniture. The 'floor' is not visible in this frame. The similarity map correctly reflects this by showing predominantly low similarity (darker colors) across the entire image, with no high similarity (yellow) areas."
35,floor,False,True,"The RGB image shows a view looking upwards towards a ceiling, wall, curtains, and the top of some furniture. No 'floor' is visible in the scene. The similarity map correctly shows no high similarity (yellow areas) for 'floor', which is appropriate given its absence in the RGB image."
36,floor,False,True,"The RGB image is cropped and does not show the floor; the view is focused on the furniture and walls. Therefore, the object 'floor' is not present in the visible scene. The similarity map correctly reflects this by showing low similarity (dark/purple areas) across the entire map, indicating no floor is detected."
37,floor,True,False,"The RGB image clearly shows a 'floor' at the bottom, extending across the width of the scene beneath the furniture and curtain. However, the similarity map for 'floor' only shows a very small, localized area of high similarity (yellow) in the bottom-left corner. The vast majority of the actual floor area in the map is represented by low similarity (green/purple), indicating the map does not correctly highlight the object's location."
38,floor,True,True,"A wooden floor is clearly visible in the RGB image, covering the bottom portion of the scene. The similarity map correctly highlights this area with high similarity (yellow), indicating the presence and location of the 'floor'."
39,floor,True,True,"A wooden floor is clearly visible in the RGB image, covering the bottom and middle-right sections. The similarity map correctly highlights this area with high similarity (yellow), while other objects like the cabinet, walls, and items on the floor show low similarity (purple)."
40,floor,True,True,"The RGB image clearly shows a wooden floor, partially covered by a rug, occupying the lower and central part of the scene. The similarity map correctly highlights this entire area, including both the wooden planks and the rug, with high similarity (yellow), indicating an accurate detection of the 'floor'."
41,floor,True,True,"A wooden floor is clearly visible in the RGB image, covering the majority of the bottom and central parts of the scene. The similarity map correctly highlights this area with high similarity (yellow), indicating the presence and location of the 'floor'."
42,floor,True,True,"A wooden floor is clearly visible in the RGB image, occupying the bottom and right-center portions of the scene. The similarity map correctly highlights these areas with bright yellow, indicating high similarity to 'floor'."
43,floor,True,False,"A 'floor' is present in the RGB image, visible beneath the bed and radiator. However, the similarity map does not correctly highlight this area with high similarity (yellow/bright colors). The map is predominantly green and purple, indicating low to medium similarity, and lacks the expected bright yellow for the floor region."
44,floor,False,True,"The RGB image primarily shows a window, a window sill with plants, and curtains. A distinct 'floor' area is not clearly visible or identifiable in the scene. The similarity map correctly reflects this by showing low similarity (mostly green/blue, no bright yellow areas) across the entire image, indicating the absence of a 'floor'."
45,floor,False,True,"The RGB image focuses on a window, blinds, and curtains, showing the upper part of a room. No 'floor' is visible in the frame. The similarity map correctly shows low similarity (darker colors) across the entire image, indicating the absence of a 'floor'."
46,floor,False,True,"The RGB image is framed upwards, showing a window, curtains, and a ceiling, but no floor is visible. The similarity map correctly reflects this by not showing any high similarity (yellow/bright areas) for 'floor' anywhere in the scene."
47,floor,False,False,"The RGB image does not show any part of a 'floor'; the view is focused on a window, window sill, and curtains. Since the object is not present in the image, the similarity map cannot correctly highlight its location. The map itself shows mostly low to medium similarity values (greens and purples), consistent with the absence of the object."
48,floor,True,False,"A floor is present in the RGB image, as it's the surface the bed and other objects are resting on, visible at the very bottom of the frame. However, the similarity map does not correctly highlight the floor. The areas corresponding to the floor are predominantly dark green/purple, indicating low similarity, rather than yellow/bright."
49,floor,True,True,"The RGB image clearly shows a wooden floor in the bottom portion of the frame, partially covered by a rug. The similarity map correctly highlights this area with yellow/bright colors, indicating high similarity to 'floor'. Areas corresponding to the bed and other objects show low similarity (purple/darker colors), which is also correct."
50,floor,True,True,"The RGB image clearly shows a floor, part of which is covered by a rug and part is visible as wooden flooring. The similarity map correctly highlights the entire floor area (both the rug and the wooden floor) with high similarity (yellow/bright green), while showing low similarity (purple/dark blue) for the bed."
51,floor,True,True,"A floor, covered by a carpet, is clearly visible in the bottom-left portion of the RGB image. The similarity map correctly highlights this area with high similarity (yellow/bright colors), indicating the presence and correct localization of the 'floor'."
52,floor,True,False,"A 'floor' is clearly visible in the RGB image, occupying the lower left portion of the scene beneath the bed. However, the similarity map for 'floor' does not correctly highlight this area with high similarity (yellow/bright colors). Instead, the map shows predominantly low similarity (purple/dark green) in the regions where the floor is located."
53,floor,False,True,"The RGB image does not show the 'floor'. The camera appears to be pointed towards a window, capturing the windowsill, curtains, and a radiator, but the floor itself is out of frame. The similarity map correctly reflects this by showing predominantly low similarity (darker/green/purple areas) for 'floor' across the entire image, with no significant bright (yellow) areas indicating its presence."
54,floor,False,False,"The RGB image is framed such that the 'floor' is not visible. The camera angle focuses on a window, a curtain, and a wall, with the bottom of the frame not showing any distinct floor surface. Therefore, the similarity map cannot correctly highlight the floor as it is not present in the visible scene."
55,floor,False,True,"The RGB image displays a ceiling, a wall, a curtain, and a window frame, with the camera seemingly pointed upwards. There is no 'floor' visible in the scene. The similarity map correctly reflects this by showing predominantly low similarity (darker purple/green areas) across the entire image, indicating the absence of the 'floor' object."
56,floor,False,True,"The RGB image shows a wall, a ceiling, and a cabinet, but the floor is not visible in the frame. The similarity map correctly reflects this by showing predominantly low similarity (darker colors) across the entire image, indicating the absence of the 'floor' object."
57,floor,False,True,"The RGB image shows a wall with a wall-mounted cabinet and a portion of the ceiling. There is no visible 'floor' in the scene. The similarity map correctly reflects this by showing predominantly low similarity (dark purple/blue areas) across the entire image, indicating the absence of the object 'floor'."
58,floor,False,False,"The RGB image primarily shows a wall and a shelf. There is no visible 'floor' in the scene. Therefore, the similarity map cannot correctly highlight its location."
59,floor,False,False,"The RGB image does not clearly show a 'floor'. The view is mostly of a wall and furniture (a cabinet and part of a couch). The similarity map, however, shows areas of medium to high similarity (green/yellow) in the lower half, which do not correspond to a visible floor in the RGB image. Therefore, the object is not present, and the map incorrectly highlights areas."
60,floor,True,True,"A wooden floor is clearly visible in the RGB image, occupying the lower portion of the frame. The similarity map correctly highlights this area with bright yellow, indicating high similarity to 'floor', while other objects like the dresser and wall show lower similarity."
61,floor,True,True,"The RGB image clearly shows a wooden floor, partially covered by a rug, at the bottom of the scene. The similarity map correctly highlights this entire area (both the wooden floor and the rug) with high similarity (yellow), indicating it recognizes both as part of the 'floor'."
62,floor,True,True,"A wooden floor is clearly visible in the RGB image, covering the bottom and central-left portions. The similarity map accurately highlights this entire floor area with high similarity (yellow), correctly identifying the object's location."
63,floor,True,True,"A wooden floor is clearly visible in the bottom portion of the RGB image. The similarity map correctly highlights this area with bright yellow, indicating high similarity to 'floor', while other objects like the wall and furniture show lower similarity."
64,floor,False,True,"The RGB image primarily shows a wall and a dark object on the left; a 'floor' is not clearly visible or a significant feature in the scene. The similarity map correctly reflects this by showing low to medium similarity (purple/green tones) across the entire image, with no bright yellow areas indicating the presence of a floor."
65,floor,False,True,"The RGB image does not clearly show a 'floor'. The perspective is mostly focused on a wall, a corner, and objects on the wall. The similarity map correctly shows low similarity (darker colors, no yellow) across the entire image, indicating the absence of a 'floor'."
66,floor,False,True,"The RGB image primarily shows a corner of a room with walls and a ceiling, but no 'floor' is visible. The similarity map for 'floor' correctly shows low similarity (no yellow/bright areas) across the entire scene, indicating the absence of a floor."
67,floor,False,True,"The RGB image shows an upward view of a room, primarily capturing walls, a door frame, and the ceiling. The 'floor' is not visible in the frame. The similarity map correctly reflects this by showing low to medium similarity (greens and purples) across the entire map, with no bright yellow areas indicating high similarity for a 'floor'."
68,floor,False,True,"The RGB image does not show any part of the 'floor'. The camera appears to be pointed upwards, capturing walls and a door. The similarity map correctly reflects the absence of the 'floor' by showing low to moderate similarity (purple/green) across the entire image, with no high similarity (yellow) areas."
69,floor,True,False,"A floor is clearly present in the RGB image, occupying the bottom portion of the scene. However, the similarity map only shows a small area in the bottom-left corner with high similarity (yellow). The majority of the floor area in the RGB image is not highlighted as yellow in the map, instead showing medium to low similarity (green/blue), which is incorrect for the object 'floor'."
70,floor,True,True,"A floor is clearly visible in the RGB image, forming the base of the room. The similarity map correctly highlights the floor area with bright yellow, indicating high similarity, while other objects like the door and walls show lower similarity."
71,floor,True,True,"The RGB image clearly shows a wooden floor in the foreground and extending into the background. The similarity map accurately highlights this floor area with high similarity (yellow), while showing low similarity (purple) for other objects like the door, walls, and furniture."
72,floor,True,True,"The RGB image clearly shows a wooden floor covering the majority of the scene, with a rug in the foreground, both constituting the 'floor'. The similarity map correctly highlights these areas (the wooden planks and the rug) with high similarity (yellow), indicating a strong presence of 'floor' in those regions."
73,floor,True,True,"The RGB image clearly shows a wooden floor covering a significant portion of the scene. The similarity map correctly highlights this area with bright yellow, indicating high similarity to 'floor'. Areas corresponding to the desk, chair, and walls show low similarity (purple/dark), which is also correct."
74,floor,True,True,"A floor is clearly present in the RGB image, consisting of both a wooden floor in the foreground and a tiled floor beyond the doorway. The similarity map correctly highlights these areas with yellow/bright green, indicating high similarity to 'floor'. Areas corresponding to walls and doors are correctly shown with low similarity (purple/darker green)."
75,floor,True,True,"A tiled floor is clearly visible in the RGB image, covering the bottom and central parts of the scene. The similarity map correctly highlights this area with high similarity (yellow/bright colors), indicating the presence and location of the 'floor'."
76,floor,True,True,"A tiled floor is clearly visible in the RGB image, covering most of the scene. The similarity map correctly highlights the majority of the floor area with yellow and bright green colors, indicating high similarity. The darker areas in the map correspond to the rug and the object on the floor, which are not 'floor'."
77,floor,True,True,"The RGB image clearly shows a tiled floor covering most of the scene, with a poster and a rug on it. The similarity map correctly highlights the floor areas (both the tiles and the rug) with high similarity (green and yellow colors). The poster, which is not the floor, shows lower similarity (darker purple/green patches)."
0,painting,False,False,"The RGB image shows a movie poster on the floor, which is a printed item, not a painting. Therefore, the object 'painting' is not present in the scene, and the similarity map cannot be correct for it."
1,painting,False,False,"The object visible in the RGB image is a framed movie poster, which is not a painting. Therefore, the object 'painting' is not present in the scene, and the similarity map cannot be correct."
2,painting,True,False,"A framed poster, which can be broadly categorized as a 'painting' or artwork, is present in the RGB image, located in the center-right. However, the similarity map does not correctly highlight this object with high similarity (yellow/bright areas). The region corresponding to the poster in the similarity map is predominantly green, indicating low to medium similarity, not high."
3,painting,True,False,"A framed artwork (a poster, which can be semantically categorized as a 'painting' in a broader sense) is present in the RGB image, lying on the floor. However, the similarity map does not correctly highlight this object. The brightest yellow areas in the map are in the top-left and top-middle, while the object is located in the center-right of the RGB image. The area corresponding to the object's location in the map is mostly green, indicating moderate similarity, not high similarity."
4,painting,True,False,"A framed poster, which can be considered a type of painting or artwork, is present in the center-right of the RGB image. However, the similarity map does not correctly highlight this object with high similarity (yellow areas). The region corresponding to the poster in the map shows low to medium similarity (green/darker green/blue-green), not high similarity."
5,painting,False,False,"The object in the RGB image is a framed poster/print, not a painting. Therefore, the object 'painting' is not present. Consequently, the similarity map cannot be correct. Additionally, the map shows high similarity (yellow) on the left side of the image, corresponding to the rug, not the poster."
6,painting,True,False,"An item resembling a framed picture or poster (which can be broadly categorized as a 'painting' in a semantic context) is present in the center-right of the RGB image. However, the similarity map does not highlight this object with high similarity (yellow); instead, the corresponding area in the map shows lower similarity (green/bluish-green tones)."
7,painting,True,False,"The RGB image clearly shows a framed poster/print on the floor, which can be categorized as a 'painting' or 'picture'. However, the semantic similarity map for 'painting' does not highlight this object. The area corresponding to the poster/print in the map shows low to medium similarity (green/purple), while high similarity (yellow) areas are present in other parts of the scene, not on the object itself."
8,painting,True,True,"A small framed picture or piece of art, which can be considered a 'painting' or a print of one, is visible on the floor in the bottom center of the RGB image. The similarity map correctly shows high similarity (yellow/green areas) in this specific region where the object is located."
9,painting,False,False,"The RGB image does not contain any object that can be identified as a 'painting'. Therefore, the object is not present. The similarity map shows areas of high similarity (yellow), which is incorrect since no 'painting' is in the scene."
10,painting,False,False,"The RGB image does not contain any object that can be identified as a 'painting'. There is a wall clock, a shelf unit, and furniture, but no artwork. The similarity map, however, incorrectly shows high similarity (yellow areas) in the upper right corner (where the wall clock is) and in the upper middle (where the shelf unit is), suggesting these non-painting objects are 'paintings'."
11,painting,True,True,"A prominent painting is visible on the right wall in the RGB image. The semantic voxel similarity map shows a large yellow area (high similarity) that clearly covers the location of this painting, indicating its presence."
12,painting,True,True,"A painting is clearly visible in the lower-middle section of the RGB image. The similarity map correctly highlights this exact area with high similarity (yellow), indicating the presence of the 'painting'."
13,painting,True,True,A painting is clearly visible on the wall in the RGB image. The semantic similarity map correctly highlights the location of this painting with a large yellow (high similarity) area in the corresponding region.
14,painting,True,True,"A picture of a waterfall, which can be considered a painting or art piece, is clearly visible on the wall in the RGB image. The semantic similarity map correctly highlights this object and the wall it's on with bright yellow areas, indicating high similarity to 'painting'."
15,painting,False,False,"The RGB image does not show any object that can be identified as a 'painting'. Therefore, the object is not present, and the similarity map cannot be correct in highlighting it."
16,painting,False,False,"The RGB image does not contain any object that can be identified as a 'painting'. Therefore, the similarity map is incorrect because it displays areas of high similarity (yellow/bright green), implying the presence of a painting where none exists."
17,painting,False,False,"The RGB image does not contain any object that can be identified as a 'painting'. The similarity map, however, shows several areas with high similarity (yellow/bright colors), which is incorrect given the absence of the object."
18,painting,False,False,"The RGB image does not contain any object that can be identified as a 'painting'. Therefore, the object is not present in the scene. As the object is not present, the similarity map cannot correctly highlight its location."
19,painting,False,False,"The RGB image does not contain any object identifiable as a 'painting'. The similarity map, however, shows areas of high similarity (yellow/bright regions), which incorrectly suggests the presence of a painting in those locations."
20,painting,False,False,"The RGB image does not contain any object that can be identified as a 'painting'. Therefore, the similarity map cannot correctly highlight its location."
21,painting,True,True,"A framed picture or painting is visible in the top-right corner of the RGB image. The similarity map correctly highlights this area with high similarity (yellow), indicating the presence of a 'painting' at that location."
22,painting,True,False,"A picture/painting depicting a waterfall scene is clearly present on the right wall in the RGB image. However, the similarity map does not correctly highlight this object. The area corresponding to the painting in the map shows medium to low similarity (green/light blue), while a large yellow area indicating high similarity is incorrectly present on the empty wall space to the left."
23,painting,True,False,"A painting (framed artwork) is clearly visible on the right wall in the RGB image. However, the similarity map shows high similarity (yellow) on the left side of the image, corresponding to the left wall and corner, not the location of the painting on the right wall. The area where the painting is located shows low similarity (green/blue)."
24,painting,True,True,"Two framed pictures, which can be considered paintings or prints, are visible in the RGB image: one on the left wall depicting a ship, and another on the right wall. The similarity map correctly highlights both of these areas with high similarity (yellow), indicating the presence and location of 'paintings'."
25,painting,True,True,"A framed picture of a ship, which can be considered a 'painting' or artwork, is clearly visible on the wall in the RGB image. The similarity map correctly highlights this area, along with a significant portion of the wall around it, with high similarity (yellow color)."
26,painting,True,False,"A painting (picture of a ship) is present in the RGB image, located on the wall above the clock. However, the similarity map incorrectly shows low similarity (darker green/teal) in the area corresponding to the painting, instead of high similarity (yellow)."
27,painting,True,True,"The RGB image contains a framed picture of a boat hanging on the wall, which can be interpreted as a 'painting' or artwork. The similarity map correctly highlights this specific area with high similarity (yellow), indicating the presence and location of the object."
28,painting,False,False,"The RGB image does not show any object that can be identified as a 'painting'. Therefore, the object is not present. Since the object is not present, the similarity map cannot be correct, as it shows high similarity (yellow areas) in regions where no painting exists."
29,painting,False,False,"The RGB image does not contain any object that can be identified as a 'painting'. Therefore, the similarity map is incorrect as it shows areas of high similarity for an object that is not present in the scene."
30,painting,False,True,"The RGB image does not contain any object identifiable as a 'painting'. The similarity map correctly reflects this by showing predominantly low to medium similarity (greens and purples) across the entire scene, with no bright yellow areas indicating high similarity for a 'painting'."
31,painting,False,False,"The RGB image does not contain any object identifiable as a 'painting'. The similarity map, however, shows areas of high similarity (yellow) in the top-right, which is incorrect given the absence of the object."
32,painting,False,False,"The RGB image does not contain a 'painting'. The semantic similarity map is incorrect because it shows high similarity (yellow areas) in parts of the scene where no painting is present, particularly on the right side of the image."
33,painting,False,False,"The RGB image does not show any object that can be identified as a 'painting'. Despite the absence of the object, the similarity map shows areas of high similarity (yellow/bright green) on the right side, corresponding to the wall, which is incorrect as no painting is present there or anywhere else in the scene."
34,painting,False,False,"The RGB image does not show any object that can be identified as a 'painting'. However, the similarity map incorrectly highlights several areas, particularly on the right side, with high similarity (yellow), suggesting the presence of a painting where there is none."
35,painting,False,False,"The RGB image does not contain any object identifiable as a 'painting'. The similarity map incorrectly shows some areas of high similarity (yellow) on the right side, even though no painting is present in the scene."
36,painting,False,False,"The RGB image does not contain any object that can be identified as a 'painting'. The similarity map, however, shows areas of medium to high similarity (green and yellow), particularly in the top right, which incorrectly suggests the presence or high similarity to a 'painting' when none exists."
37,painting,False,False,"The RGB image does not contain any object identifiable as a 'painting'. The semantic similarity map, therefore, should ideally show low similarity (dark/purple) across the entire scene. However, the map displays a mix of green and yellow areas, indicating varying levels of similarity where no painting exists, thus it is not correct."
38,painting,False,False,"The RGB image does not contain any object that can be identified as a 'painting'. However, the similarity map incorrectly shows several areas with high similarity (yellow/bright), suggesting the presence of a 'painting' where none exists in the scene."
39,painting,False,False,"The RGB image does not contain any object that can be identified as a 'painting'. However, the semantic similarity map shows areas of high similarity (yellow) in the top-left, indicating an incorrect detection or hallucination of a 'painting' where none exists."
40,painting,False,False,"The RGB image does not contain any object that can be identified as a 'painting'. The similarity map, while mostly showing low similarity, incorrectly highlights small areas in the upper part with high similarity (yellow/bright green) where no painting exists."
41,painting,False,False,"The RGB image does not contain any object that can be identified as a 'painting'. However, the semantic similarity map shows significant areas of high similarity (yellow) in the upper portion of the image, which is incorrect given the absence of the object."
42,painting,False,False,"The RGB image does not contain any object that can be identified as a 'painting'. Therefore, the similarity map cannot correctly highlight a non-existent object, making the map incorrect for the given object."
43,painting,False,False,"No 'painting' is visible in the RGB image. The similarity map incorrectly shows areas of high similarity (yellow) in various locations, despite the absence of the target object."
44,painting,False,False,"The RGB image does not contain any object that can be identified as a 'painting'. Therefore, the object is not present. The similarity map, however, shows areas of medium to high similarity (green and some yellow regions), which is incorrect given the absence of the target object."
45,painting,False,False,"The RGB image does not contain any object that can be identified as a 'painting'. Despite the absence of the object, the similarity map shows areas of high similarity (yellow) in the scene, which is incorrect."
46,painting,False,False,"The RGB image does not contain any object that can be identified as a 'painting'. The similarity map, however, shows areas with medium to high similarity (yellow-green colors) on the left side, which is incorrect as no painting is present in the scene. A correct map for an absent object should show low similarity (purple) throughout."
47,painting,False,False,"The RGB image does not contain any object that can be identified as a 'painting'. The scene shows a window with blinds, curtains, and several potted plants on the windowsill. Since no 'painting' is present, the similarity map cannot be correct in highlighting it. The map does show some yellow (high similarity) areas, but these do not correspond to a painting."
48,painting,False,False,"The RGB image does not contain any object that can be identified as a 'painting'. Therefore, the object is not present in the scene, and the similarity map cannot correctly highlight its location."
49,painting,False,False,"The RGB image does not contain any object that can be identified as a 'painting'. Therefore, the similarity map should ideally show low similarity (purple/dark areas) across the entire scene. However, the map displays varying levels of similarity, including some yellow/bright areas (high similarity) on the far right, where no painting is located. This indicates the map is incorrectly highlighting an area for an object that is not present."
50,painting,False,True,"The RGB image does not show any object that can be identified as a 'painting'. The similarity map correctly reflects this by showing low to medium-low similarity across the entire image, with no bright yellow areas indicating high similarity for a 'painting'."
51,painting,False,False,"The RGB image does not contain any object that can be identified as a 'painting'. Therefore, the object is not present. Since the object is not present, the similarity map cannot be correct, as it shows areas of high similarity (yellow) where no 'painting' exists."
52,painting,False,False,"The RGB image does not contain any object identifiable as a 'painting'. The similarity map, however, shows several areas of high similarity (yellow/bright green), which is incorrect since the object is not present in the scene."
53,painting,False,False,"The RGB image does not show any object that can be identified as a 'painting'. Therefore, the object is not present. For the map to be correct, it should show low similarity (dark/purple) across the entire image. However, the similarity map shows several areas with high similarity (yellow/bright), which incorrectly suggests the presence of a 'painting' or features highly similar to it."
54,painting,False,False,"The RGB image does not contain any object identifiable as a 'painting'. The scene shows a wall, a curtain, a window with blinds, and a plant. Therefore, the similarity map cannot be correct, as it shows high similarity (yellow areas) in locations where no painting is present."
55,painting,False,False,"The RGB image does not show any 'painting'. However, the similarity map incorrectly displays areas of high similarity (yellow) despite the absence of the object."
56,painting,False,False,"The RGB image does not contain any object identifiable as a 'painting'. Despite the absence of the object, the similarity map shows areas of high similarity (yellow/bright green), particularly on the right side and top, which is incorrect as no painting is present."
57,painting,False,True,"The RGB image does not contain any object that can be identified as a 'painting'. It shows a wall-mounted cabinet and a plain wall. Since no 'painting' is present, the similarity map correctly does not highlight any area with high similarity (yellow) for a 'painting'."
58,painting,False,False,"The RGB image does not show any object that can be identified as a 'painting'. The scene primarily depicts a plain wall and part of a wooden shelf. Since no 'painting' is present, a correct similarity map should show low similarity (purple) across the entire image. However, the provided similarity map shows large areas of moderate similarity (green), which is incorrect for the absence of the object."
59,painting,False,True,"The RGB image does not contain a 'painting'. The similarity map correctly shows low similarity (no yellow/bright areas) across the entire scene, indicating the absence of the object."
60,painting,False,True,"The RGB image does not contain any object that can be identified as a 'painting'. The similarity map correctly shows no high similarity (yellow) areas, indicating that no 'painting' is detected in the scene. The map displays generally low to medium similarity values, which is appropriate given the absence of the target object."
61,painting,False,True,"The RGB image does not contain any object that can be identified as a 'painting'. The similarity map correctly reflects this by showing low to medium similarity (mostly green/blue tones) across the entire scene, with no high similarity (yellow) areas indicating the presence of a painting."
62,painting,False,False,"No 'painting' is visible in the RGB image. Therefore, the similarity map cannot correctly highlight its location, as there is no object to highlight."
63,painting,False,True,"The RGB image does not contain any object that can be identified as a 'painting'. The similarity map correctly shows low to moderate similarity across the entire image (no bright yellow areas), indicating that no 'painting' is detected, which aligns with the absence of the object in the RGB image."
64,painting,False,True,"The RGB image does not contain any object identifiable as a 'painting'. The similarity map correctly shows low to moderate similarity across the entire scene, with no distinct high-similarity (yellow) regions that would incorrectly highlight a non-existent painting."
65,painting,True,False,"A small framed picture, which can be categorized as a painting, is present on the wall in the RGB image. However, the similarity map shows a dark purple (low similarity) region precisely where the painting is located, indicating an incorrect highlight for the object 'painting'."
66,painting,N/A,N/A,Error: 504 Deadline Exceeded
67,painting,True,True,"A framed painting is visible on the right-hand wall in the RGB image. The similarity map correctly highlights this area with high similarity (yellow/bright green), indicating the presence of a 'painting'."
68,painting,True,True,"A framed painting is visible on the right side of the RGB image, hanging on the wall. The semantic similarity map correctly highlights this specific area with a bright yellow color, indicating high similarity to the object 'painting'."
69,painting,False,False,"The RGB image does not contain any object identifiable as a 'painting'. The similarity map, however, shows predominantly high to moderate similarity (yellow/green areas) across much of the scene, which is incorrect as no painting is present. A correct map for a non-existent object should show low similarity (purple) everywhere."
70,painting,False,False,"The RGB image does not contain any object identifiable as a 'painting'. The similarity map, however, shows several areas of high similarity (yellow), which incorrectly suggests the presence of a painting in those locations."
71,painting,True,False,"A small, colorful painting or picture is visible on the floor through the open door in the RGB image. However, the similarity map shows low similarity (darker colors) in the exact location of this object, while high similarity (yellow) is incorrectly highlighted in other areas, primarily in the upper part of the scene."
72,painting,False,False,"The RGB image displays a floor with wooden planks, a rug, and parts of furniture (chair leg, table/door frame). There is no 'painting' visible in the scene. Therefore, the object is not present, and the similarity map cannot correctly highlight it."
73,painting,True,False,"A small piece of artwork or a picture, which can be considered a 'painting', is present on the floor in the RGB image. However, the similarity map does not highlight this object. The area corresponding to the painting's location on the floor shows low similarity (dark purple/green), while high similarity (yellow) areas are present elsewhere in the map, not corresponding to the object."
74,painting,False,False,"The object on the floor is a piece of paper with an image, which does not constitute a 'painting' in the conventional sense (e.g., a framed artwork or a canvas). Therefore, the object 'painting' is not present in the RGB image. Consequently, the similarity map cannot correctly highlight a non-existent object."
75,painting,True,False,"An object resembling a small framed or unframed artwork (a print of a painting) is present on the floor in the RGB image. However, the similarity map does not correctly highlight this object with high similarity (yellow/bright areas). The map shows mostly mid-to-low similarity (greens and purples) across the scene, with no distinct bright yellow region corresponding to the artwork."
76,painting,False,True,"The RGB image does not contain a 'painting'. The item on the floor appears to be a printed graphic or book/magazine cover, not a painting. Since no painting is present, the similarity map is considered correct as it does not show any distinct high similarity (yellow) areas that would incorrectly identify a painting."
77,painting,True,False,"The RGB image contains a framed print/poster, which is a type of artwork and could be broadly categorized as a 'painting' in a semantic context. However, the similarity map for 'painting' does not correctly highlight this object. The map shows mostly green tones with some scattered yellow patches, none of which clearly correspond to the location or shape of the framed artwork in the RGB image. There is no distinct high-similarity (yellow) area where the object is located."
0,sofa,False,True,"The RGB image does not contain a sofa. The similarity map correctly shows low similarity (dark/purple colors) across the entire scene, indicating the absence of the object. Therefore, the map is correct in its representation."
1,sofa,False,True,"The RGB image does not contain a sofa. The similarity map correctly shows low similarity (dark/purple colors) across the entire scene, indicating the absence of a sofa."
2,sofa,False,True,"The RGB image does not contain a 'sofa'. The similarity map correctly shows low similarity (dark/purple areas) across the entire scene, indicating the absence of a 'sofa'."
3,sofa,False,True,"The RGB image does not contain a sofa; it shows a tiled floor, a rug, and a framed picture. The similarity map correctly indicates low similarity (dark purple/blue) across the entire scene, consistent with the absence of the object 'sofa'."
4,sofa,False,True,"The RGB image does not show a 'sofa'. The similarity map correctly reflects this by showing predominantly low similarity (dark blue/purple areas) across the entire scene, with no high similarity (yellow) regions."
5,sofa,False,False,"The RGB image does not contain a 'sofa'. It shows a tiled floor, a rug, and a framed picture. Since the object is not present, the similarity map cannot correctly highlight its location with high similarity. The map itself shows only low similarity (purple/dark areas), which is consistent with the absence of a sofa, but it cannot be considered 'correct' in highlighting the object's location if the object is not there."
6,sofa,False,True,"The RGB image does not contain a sofa; it shows a tiled floor, a rug, and a framed picture. The similarity map correctly indicates the absence of a sofa by showing very low similarity (dark purple/blue colors) across the entire scene."
7,sofa,False,True,"The RGB image does not contain a 'sofa'. The similarity map correctly shows low similarity (dark purple/blue areas) across the entire scene, indicating that no sofa is present or highlighted."
8,sofa,False,True,"The RGB image does not contain a sofa. The similarity map correctly shows very low similarity (dark purple/blue areas) across the entire scene, indicating the absence of a 'sofa'."
9,sofa,False,False,"The RGB image does not contain a sofa; it shows a bed, a rug, a chair, and wooden flooring. However, the similarity map incorrectly shows high similarity (yellow areas) in the upper right portion, suggesting the presence of a sofa where none exists."
10,sofa,True,True,"A grey sofa is clearly visible in the RGB image, positioned behind a black chair and table. The semantic voxel similarity map accurately highlights this sofa with bright yellow areas, indicating high similarity at its precise location."
11,sofa,False,True,"The RGB image does not contain a 'sofa'. The semantic similarity map correctly reflects this by showing very low similarity (dark purple/teal) across the entire scene, with no high similarity (yellow) areas."
12,sofa,False,True,"The RGB image does not show a 'sofa'. The similarity map correctly reflects this by showing low similarity (dark/purple colors) across the entire scene, indicating the absence of the object."
13,sofa,False,False,"The RGB image 'RGB Frame 13' does not contain a 'sofa'. Therefore, the semantic voxel similarity map cannot correctly highlight the object's location. The map itself shows predominantly low similarity values (darker colors) with no bright yellow areas indicating high similarity for a sofa."
14,sofa,False,True,"The RGB image does not contain a 'sofa'. It appears to show a bed on the left side. The similarity map correctly shows very low similarity (dark purple/blue) across the entire scene, indicating the absence of a sofa."
15,sofa,True,True,"A gray sofa with a red cushion is clearly visible on the left side of the RGB image. The semantic similarity map correctly highlights this area with bright yellow, indicating high similarity to 'sofa'."
16,sofa,False,False,"The RGB image displays an armchair with a red cushion on the left, not a sofa. Although the similarity map shows high similarity (yellow areas) corresponding to the location of the armchair, this is incorrect for the specified object 'sofa' as a sofa is not present in the scene."
17,sofa,True,True,"An upholstered piece of furniture, resembling a sofa or bed, is visible in the top-left corner of the RGB image. The semantic similarity map correctly highlights this area with high similarity (yellow), indicating the object's presence and location."
18,sofa,True,True,"The RGB image shows a large, dark, upholstered piece of furniture in the top-left background, which can be interpreted as a sofa or a similar item. The semantic similarity map for 'sofa' correctly highlights this region with high similarity (yellow areas)."
19,sofa,True,True,"A grey sofa with a red cushion is clearly visible in the top-left portion of the RGB image. The semantic voxel similarity map correctly highlights this area with high similarity (yellow), indicating the accurate detection and localization of the sofa."
20,sofa,True,True,"A grey sofa with a red cushion is clearly visible in the RGB image on the left side. The semantic similarity map correctly highlights this area with yellow/bright green colors, indicating high similarity to 'sofa'."
21,sofa,True,True,"A grey upholstered sofa with a red cushion is clearly visible in the bottom-left of the RGB image. The semantic similarity map correctly highlights this area with high similarity (yellow), indicating the presence and location of the 'sofa'."
22,sofa,False,True,The RGB image does not contain a sofa; it shows a corner of a room with what appears to be part of a bed or bench and a picture on the wall. The similarity map correctly reflects the absence of a sofa by showing predominantly low similarity (dark purple/blue areas) across the entire scene.
23,sofa,False,True,"The RGB image does not show a 'sofa'. The semantic voxel similarity map correctly reflects this by showing predominantly low similarity (dark purple/blue/green areas) across the entire scene, with no high similarity (yellow) regions."
24,sofa,False,True,"The RGB image 'RGB Frame 24' does not contain a 'sofa'. The semantic voxel similarity map correctly shows low similarity (predominantly dark purple/blue areas) across the entire scene, indicating the absence of the object 'sofa'."
25,sofa,False,True,"The RGB image does not show a 'sofa'. The similarity map correctly reflects this by showing low similarity (dark purple/teal colors) across the entire scene, with no bright yellow areas indicating a sofa."
26,sofa,False,True,"The RGB image does not depict a sofa. The semantic voxel similarity map correctly shows low similarity (dark/purple areas) across the entire scene, consistent with the absence of the target object."
27,sofa,False,False,"No 'sofa' is visible in the RGB image. The similarity map incorrectly shows a small area of higher similarity (yellowish-green) in the bottom center-right, despite the absence of the object. A correct map for a non-existent object should show low similarity everywhere."
28,sofa,True,True,"A sofa is clearly visible in the RGB image, occupying the lower-middle and left portions of the frame. The similarity map correctly highlights this area with bright yellow/green, indicating high similarity to 'sofa'."
29,sofa,True,True,"A grey two-seater sofa with red cushions is clearly present in the RGB image. The semantic similarity map accurately highlights the entire sofa with high similarity (yellow/bright green areas), while the surrounding background shows low similarity (purple/dark green areas)."
30,sofa,True,True,"A grey sofa with red cushions is clearly visible in the RGB image. The semantic voxel similarity map correctly highlights the area corresponding to the sofa with high similarity (yellow/bright regions), while other areas like the floor and cabinet show lower similarity (darker regions)."
31,sofa,True,True,"A sofa is clearly visible in the RGB image on the right side. The semantic similarity map correctly highlights the area corresponding to the sofa with high similarity (yellow/bright green), indicating its presence and location accurately."
32,sofa,True,True,"A grey, quilted sofa-like piece of furniture is visible in the bottom right corner of the RGB image. The semantic similarity map correctly highlights this area with yellow/bright colors, indicating high similarity to 'sofa'."
33,sofa,False,True,"The RGB image does not contain a 'sofa'. The similarity map correctly reflects this by showing predominantly low similarity (dark/purple areas) across the entire scene, indicating the absence of the object."
34,sofa,False,True,"The RGB image does not contain a sofa. The similarity map correctly reflects this by showing very low similarity (dark purple/blue) across the entire scene, indicating no sofa is detected."
35,sofa,False,True,"The RGB image does not contain a 'sofa'. The scene shows furniture like cabinets and shelves, but no sofa. The similarity map correctly shows very low similarity (dark purple/teal) across the entire scene, indicating the absence of the object."
36,sofa,False,False,"The RGB image does not contain a 'sofa'. Therefore, the similarity map cannot correctly highlight the object's location, making the map incorrect in the context of highlighting the object."
37,sofa,False,True,"The RGB image does not contain a sofa. The semantic similarity map correctly shows low similarity (predominantly dark purple/blue/green areas) across the entire scene, indicating the absence of a 'sofa'."
38,sofa,False,True,"The RGB image does not contain a 'sofa'. The similarity map correctly reflects this by showing predominantly low similarity (purple/dark green areas) across the scene, indicating the absence of the object."
39,sofa,False,False,"The RGB image does not contain a 'sofa'. Therefore, the similarity map cannot correctly highlight the object. The map shows mostly low to medium similarity values for 'sofa', with a small high similarity area in the bottom right which does not correspond to any sofa in the RGB image."
40,sofa,False,True,"The RGB image does not contain a 'sofa'. The semantic similarity map correctly reflects this by showing predominantly low similarity (darker purple/green areas) across the scene, with no high similarity (yellow) regions."
41,sofa,False,True,"The RGB image does not contain a 'sofa'. The semantic voxel similarity map correctly reflects this by showing predominantly low similarity (dark/purple areas) across the entire scene, indicating the absence of a sofa."
42,sofa,False,True,"The RGB image does not contain a sofa. The similarity map correctly shows low similarity (predominantly green/purple, no bright yellow areas) across the entire scene, indicating the absence of the target object."
43,sofa,False,True,"The RGB image does not contain a sofa; it shows a bed frame, a window with plants, and a radiator. The similarity map correctly indicates the absence of a sofa by showing predominantly low similarity values (dark/purple colors) across the entire map, with no significant yellow/bright areas."
44,sofa,False,True,"The RGB image displays a window with blinds, curtains, and potted plants on a windowsill. There is no sofa visible in the scene. The similarity map correctly shows no high similarity (yellow) areas, indicating the absence of a 'sofa'."
45,sofa,False,True,"The RGB image displays a window with blinds and curtains, along with a plant on the windowsill. There is no sofa visible in the scene. The semantic similarity map for 'sofa' correctly shows predominantly low similarity (dark/purple areas) across the entire image, accurately reflecting the absence of the object."
46,sofa,False,False,"The RGB image displays a window with curtains and blinds, but no sofa is visible in the scene. Therefore, the object 'sofa' is not present, and the similarity map cannot correctly highlight its location."
47,sofa,False,True,"The RGB image shows a window, windowsill with plants, and curtains, but no sofa is visible. The similarity map correctly shows low similarity (darker colors) across the entire scene, indicating the absence of a sofa."
48,sofa,False,True,"The RGB image shows a bed, a window with plants, and a radiator, but no sofa is present. The similarity map correctly reflects this by showing predominantly low similarity (purple/green areas) across the entire scene, with no high similarity (yellow) regions."
49,sofa,False,True,"The RGB image displays a bed with a metal frame, mattress, and bedding, along with a rug on the floor. There is no 'sofa' visible in the scene. The similarity map correctly shows no high similarity (yellow) areas, indicating that a sofa is not present or not detected with high confidence."
50,sofa,False,True,"The RGB image does not contain a 'sofa'; it shows a bed, a rug, and a wooden floor. The similarity map correctly shows low to medium-low similarity (green/purple) across the entire scene, with no bright yellow areas indicating high similarity for a 'sofa'. Therefore, the map correctly reflects the absence of the object."
51,sofa,False,True,"The RGB image displays a bed with a metal frame, mattress, and bedding, along with a rug on the floor. There is no sofa present in the scene. The similarity map correctly reflects this by showing low to moderate similarity (green/purple tones) across the entire image, with no areas highlighted in bright yellow to indicate a high similarity to 'sofa'."
52,sofa,False,True,"The RGB image displays a bed with bedding, a window, and plants, but no sofa is present in the scene. The similarity map correctly reflects this by showing predominantly low similarity (dark/purple areas) across the entire map, indicating the absence of a 'sofa'."
53,sofa,False,True,"A traditional 'sofa' is not clearly visible in the RGB image. There is a metal-framed object with a cushion on the far left, which appears more like a bed or daybed than a sofa. The semantic similarity map correctly shows low similarity (predominantly purple and green, with no bright yellow areas) across the entire image, indicating the absence of a sofa."
54,sofa,False,True,"The RGB image does not show a 'sofa'. The similarity map correctly reflects this by showing predominantly low similarity (dark purple/blue areas) across the entire scene, indicating the absence of the object."
55,sofa,False,True,"The RGB image displays a room corner with a ceiling, wall, and a curtained window, but no sofa is visible. The similarity map correctly shows low similarity (dark/purple colors) throughout the entire scene, indicating the absence of a 'sofa'."
56,sofa,False,True,"The RGB image does not show a 'sofa'. The semantic voxel similarity map correctly reflects this by showing low similarity (dark/purple colors) across the entire scene, with no yellow/bright areas indicating a sofa."
57,sofa,False,True,"The RGB image does not show any object that can be identified as a 'sofa'. The similarity map correctly reflects this by showing predominantly low similarity (dark purple/blue areas) across the entire scene, indicating the absence of a sofa."
58,sofa,False,True,"The RGB image does not contain a sofa. The similarity map correctly reflects this by showing predominantly low similarity (purple/dark areas) across the entire scene, with no high similarity (yellow) regions."
59,sofa,True,False,"A portion of a sofa (armrest and cushion) is visible in the bottom right of the RGB image. However, the similarity map shows low to moderate similarity (darker green/blue) in this area, rather than high similarity (yellow) which would correctly highlight the sofa."
60,sofa,False,False,"The RGB image does not show a 'sofa'. It displays a cabinet with shelves. Since the object is not present, the similarity map cannot correctly highlight it. The map shows some areas of higher similarity, but these do not correspond to a sofa."
61,sofa,False,False,"The RGB image does not contain a 'sofa'. The similarity map, however, shows areas of moderate to high similarity (lighter green/yellowish) in the upper left and center-left, which incorrectly suggests some presence or strong similarity to a 'sofa' where none exists. A correct map for a non-existent object should ideally show uniformly low similarity (dark/purple) everywhere."
62,sofa,False,False,"A 'sofa' is not present in the RGB image. The image contains a small upholstered stool/ottoman, a cabinet, and a rug, but no sofa. The similarity map incorrectly shows high similarity (yellow/bright green areas) in the region where the small stool/ottoman is located, implying it is a sofa, which is incorrect."
63,sofa,False,False,"The RGB image does not contain a 'sofa'. There is a small upholstered stool/ottoman, but it is not a sofa. The similarity map incorrectly shows high similarity (yellow/bright green areas) in the lower-middle and lower-right, corresponding to the stool and part of the cabinet, implying these are sofas when they are not."
64,sofa,False,True,"The RGB image does not clearly show a 'sofa'. The scene appears to be a wall with a dark object (possibly a curtain or bag) on the left. The similarity map correctly shows very low similarity (dark blue/purple) across the entire image, indicating the absence of a 'sofa'."
65,sofa,False,False,"The RGB image does not show a 'sofa'. Since the object is not present, the similarity map cannot correctly highlight its location with high similarity."
66,sofa,False,True,"The RGB image does not contain a sofa. The similarity map correctly reflects this by showing very low similarity (dark purple/blue) across the entire scene, indicating no sofa is present."
67,sofa,False,False,"The RGB image does not contain a sofa. The scene depicts a corner of a room with a door, walls, a framed picture, and some items on the floor, but no sofa is visible. Therefore, the similarity map cannot correctly highlight a sofa."
68,sofa,False,True,"The RGB image does not show a 'sofa'. The similarity map correctly indicates very low similarity (dark purple/blue-green) across the entire scene, which is appropriate given the absence of the object."
69,sofa,False,True,"The RGB image does not contain a sofa. The semantic similarity map correctly reflects this by showing predominantly low similarity (dark blue/purple areas) across the entire scene, with no high similarity (yellow) regions."
70,sofa,False,True,"The RGB image does not contain a 'sofa'. The scene shows a doorway, a backpack, and a guitar case. The semantic similarity map correctly reflects the absence of a 'sofa' by showing predominantly low similarity (dark purple/blue) across the entire scene."
71,sofa,False,False,"The RGB image does not contain a 'sofa'. The scene shows a wooden floor, a partially open door, a backpack, and a small stool/ottoman, but no sofa. The similarity map is incorrect because it shows areas of moderate to high similarity (brighter green/yellow) in the bottom right, even though the object is not present in the scene. A correct map for a non-present object should show uniformly low similarity (dark purple) everywhere."
72,sofa,False,True,"The RGB image does not contain a sofa; it primarily shows a wooden floor, a rug, and parts of furniture like a chair and a table leg. The similarity map correctly shows very low similarity (dark purple/green) across the entire scene, indicating the absence of a 'sofa'."
73,sofa,False,True,"The RGB image does not contain a 'sofa'. The scene shows a desk, an office chair, a wooden floor, and a doorway with a rug. The similarity map correctly shows very low similarity (predominantly dark purple/blue-green) across the entire scene, indicating the absence of a 'sofa'."
74,sofa,False,True,"The RGB image does not contain a sofa. The similarity map correctly shows low similarity (predominantly dark purple/green areas) across the entire scene, indicating the absence of the object 'sofa'."
75,sofa,False,True,"The RGB image does not show a 'sofa'. The similarity map correctly reflects this by showing predominantly low similarity (dark/purple colors) across the entire scene, with no bright yellow areas indicating a sofa."
76,sofa,False,True,"The RGB image does not contain a 'sofa'. The similarity map correctly reflects this by showing low similarity (dark purple/teal colors) across the entire image, with no bright yellow areas indicating the presence of a sofa."
77,sofa,False,True,"The RGB image does not show a sofa. The similarity map correctly reflects this by displaying low similarity (dark purple/blue) across the entire scene, with no bright yellow areas that would indicate the presence of a sofa."
0,table,False,True,"The RGB image does not contain a 'table'. The scene shows a floor with a rug and a framed picture lying flat on the floor. The similarity map correctly indicates low similarity for a 'table' across the entire scene, as there are no bright yellow areas."
1,table,False,False,"The RGB image does not contain a 'table'. The framed picture is lying on the floor, not on a table. Since the object is not present, the similarity map should ideally show uniformly low similarity (dark/purple) across the entire scene. However, the map displays varying levels of moderate similarity (green areas) and some low similarity (purple areas), but no high similarity for a non-existent object. It does not correctly reflect the absence of the object by showing uniformly low similarity."
2,table,False,True,"No 'table' is present in the RGB image. The similarity map does not show any bright yellow areas, which would indicate high similarity to a table. Therefore, it correctly does not highlight a non-existent object with high similarity."
3,table,False,True,"The RGB image does not contain a 'table'. The scene shows a tiled floor, a rug, and a framed picture lying directly on the floor. The similarity map correctly shows no high similarity (yellow areas) for 'table', which is consistent with the object's absence."
4,table,False,False,"The RGB image does not contain a 'table'. The scene shows a tiled floor, a rug, and a framed picture lying on the floor. Since the object is not present, the similarity map cannot correctly highlight its location."
5,table,False,True,The RGB image does not contain a 'table'. The similarity map correctly reflects this by not showing any high similarity (yellow) areas for the object 'table'.
6,table,False,False,"The RGB image does not contain a 'table'. The poster is lying directly on the tiled floor, not on any furniture. Since the object is not present, the similarity map cannot correctly highlight its location."
7,table,False,False,"The RGB image does not contain a 'table'. The semantic similarity map, therefore, should ideally show low similarity (purple/dark areas) across the entire image. However, the map predominantly displays intermediate similarity values (green areas) rather than consistently low values, indicating it does not correctly represent the absence of the object."
8,table,False,False,"No 'table' is visible in the RGB image. The similarity map incorrectly shows high similarity (yellow areas) in the top right corner, where only a chair base or part of a wall/door frame is present, not a table."
9,table,False,False,"A 'table' is not present in the RGB image. The scene shows a bed, a rug, wooden flooring, and an office chair. There is no object identifiable as a table. The similarity map, however, shows areas of high similarity (yellow) in the mid-right section, which incorrectly suggests the presence of a table."
10,table,True,True,"A dark-colored table is clearly visible in the foreground of the RGB image. The similarity map correctly highlights this table with bright yellow areas, indicating high similarity, while other objects and areas show lower similarity."
11,table,False,True,"The RGB image does not contain any object that can be identified as a 'table'. The similarity map for 'table' correctly shows no high similarity (yellow) areas, indicating the absence of a table in the scene."
12,table,False,True,"The RGB image does not show any object identifiable as a 'table'. The semantic similarity map for 'table' correctly reflects this by showing predominantly low to medium similarity (purple to green areas) throughout, with no high similarity (yellow) regions falsely highlighting a table."
13,table,False,True,The RGB image does not clearly show a 'table'. The semantic similarity map correctly reflects the absence of a table by not displaying any areas of high similarity (bright yellow) for the object 'table'.
14,table,False,False,"A 'table' is not present in the RGB image. Consequently, the similarity map cannot correctly highlight the location of a non-existent object with high similarity."
15,table,True,True,"A dark-colored table is clearly visible in the bottom-left portion of the RGB image. The semantic similarity map correctly highlights this area with bright yellow, indicating high similarity to 'table'."
16,table,True,True,"A dark, flat surface, clearly identifiable as a table, is present in the foreground and center-right of the RGB image. The similarity map correctly highlights this area with yellow and bright green colors, indicating high similarity to 'table'."
17,table,True,True,"A black desk/table is clearly visible in the RGB image, occupying the right and central-right portion. The similarity map correctly shows high similarity (yellow areas) in the corresponding region where the table is located."
18,table,True,True,"A table/desk is visible in the RGB image, partially obscured by the chair on the right side. The similarity map correctly shows high similarity (yellow areas) in the upper-right and central-right regions, which corresponds to the location of the table in the RGB image."
19,table,True,True,"A black desk/table is clearly visible on the right side of the RGB image. The similarity map correctly highlights this area with bright yellow, indicating high similarity to 'table'."
20,table,True,False,"A dark desk or table is visible on the right side of the RGB image, next to the black office chair. However, the similarity map does not clearly highlight this object with high (yellow) similarity. While there are some yellowish areas in the bottom-right, they do not distinctly outline the table's main surface, which appears mostly in green/purple (low to medium similarity) in the corresponding region of the map."
21,table,True,False,"A dark, flat surface resembling a table is visible in the bottom right corner of the RGB image. However, the similarity map does not highlight this area with high similarity (yellow/bright colors); instead, it shows mostly green/purple, indicating low to medium similarity for 'table'."
22,table,True,False,"A surface with two legs, resembling a small table or the end of a bed/medical table, is visible in the bottom-left of the RGB image. However, the similarity map does not show any high similarity (yellow areas) corresponding to this object. The map is predominantly low to medium similarity (green/teal), with some very low similarity (purple) areas, indicating it does not correctly highlight the 'table'."
23,table,False,True,"The RGB image does not show any object that can be identified as a 'table'. The semantic similarity map correctly reflects this by showing predominantly low similarity (dark purple/green areas) across the entire scene, with no high similarity (yellow) regions."
24,table,False,True,"The RGB image does not show any object that can be identified as a 'table'. The similarity map correctly reflects this by displaying low similarity (predominantly green and purple colors) across the entire scene, with no bright yellow areas indicating the presence of a table."
25,table,False,True,"The RGB image does not show any object that can be identified as a 'table'. The similarity map correctly reflects this by showing low similarity values (predominantly green and purple, no bright yellow) across the entire scene, indicating no 'table' is detected."
26,table,False,True,"The RGB image does not show any object identifiable as a 'table'. The semantic similarity map correctly reflects this by showing predominantly low similarity (green/purple) across the entire scene, with no high similarity (yellow) areas that would indicate the presence of a table."
27,table,False,True,"The RGB image does not contain any object identifiable as a 'table'. The similarity map correctly reflects this by showing predominantly low to medium similarity (purple/green, no bright yellow areas) across the entire scene for the object 'table', indicating its absence."
28,table,False,True,"The RGB image does not contain any object identifiable as a 'table'. The similarity map correctly reflects this by showing predominantly low similarity (darker colors) throughout the scene, with no bright yellow areas indicating the presence of a table."
29,table,False,False,"The RGB image does not contain an object identifiable as a 'table'. The similarity map shows high similarity (yellow areas) in the bottom right corner, which does not correspond to any 'table' in the scene. Since the object is not present, the map cannot be correct in highlighting it."
30,table,False,False,"The RGB image does not contain an object that can be clearly identified as a 'table'. The wooden furniture on the left appears to be a cabinet or bookshelf. Since no 'table' is present, the similarity map should ideally show low similarity (dark/purple) across the entire image. However, the map displays areas of medium to high similarity (green to yellow-green), particularly in the bottom right, indicating an incorrect detection or highlighting of a non-existent object."
31,table,False,True,"The RGB image does not contain an object that can be identified as a 'table'. The similarity map correctly reflects this by showing low to medium similarity (green/purple areas) across the scene, without highlighting any specific area with high similarity (yellow) for a 'table'."
32,table,False,True,"The RGB image does not contain an object that can be identified as a 'table'. The scene shows a wooden cabinet/shelf unit and part of what appears to be a sofa or bed. Since no 'table' is present, a correct similarity map should show low similarity everywhere. The provided similarity map predominantly displays low to medium similarity (green/purple tones) with no bright yellow areas, correctly indicating the absence of a 'table'."
33,table,False,True,"The RGB image does not contain an object that can be clearly identified as a 'table'. There is a wardrobe and a bookshelf, but no distinct table. The similarity map correctly shows low to moderate similarity across the entire scene (mostly green/purple tones), with no prominent yellow areas indicating high similarity for a 'table', which is consistent with its absence."
34,table,False,False,"The RGB image does not contain an object identifiable as a 'table'. The scene shows cabinets and shelves, but no distinct table. Therefore, the similarity map cannot correctly highlight a table."
35,table,False,True,"The RGB image does not contain an object identifiable as a 'table'. The furniture visible consists of wardrobes/cabinets and shelving units. The similarity map correctly shows low to medium similarity (predominantly green/purple tones) across the entire scene, indicating no high similarity for a 'table', which is accurate given its absence."
36,table,False,True,"The RGB image does not contain an object identifiable as a 'table'. The scene shows shelves and a cabinet. The similarity map for 'table' correctly shows low to medium similarity (green/purple) throughout, indicating no 'table' is present or highlighted with high similarity."
37,table,False,False,"The RGB image does not show any object that can be identified as a 'table'. The similarity map, however, displays areas of high similarity (yellow/bright) and medium similarity (green) across the scene, which is incorrect as no 'table' is present to be highlighted."
38,table,False,False,"No 'table' is visible in the RGB image. The similarity map does not correctly highlight a table because there is none, and it does not show uniformly low similarity across the scene, which would be the correct representation for an absent object."
39,table,False,True,"The RGB image does not contain a 'table'. The similarity map correctly reflects this by showing predominantly low to moderate similarity (greens and purples) across the entire scene, with no bright yellow areas indicating high similarity for a 'table'."
40,table,False,False,"No 'table' is present in the RGB image. The similarity map shows varying levels of similarity, including some areas with medium-to-high similarity (green/yellow), which is incorrect as the object is absent."
41,table,False,False,"The RGB image does not contain a 'table'. There is a bed frame, a storage bin, a shelf, and a wooden floor, but no object identifiable as a table. Since no table is present, a correct similarity map should show low similarity (dark/purple areas) everywhere. However, the provided map shows significant areas of medium to high similarity (green and lighter green/yellow areas), indicating an incorrect detection where no object exists."
42,table,False,True,"The RGB image does not contain an object that can be identified as a 'table'. The similarity map correctly reflects this by showing predominantly low to medium similarity (purple to green areas) across the scene, with no strong yellow areas indicating the presence of a table."
43,table,False,False,"No object clearly identifiable as a 'table' is present in the RGB image. While there is a window sill that functions as a surface, it is not typically classified as a standalone 'table'. The similarity map, however, shows several areas with high similarity (yellow/bright green), which is incorrect given the absence of a table."
44,table,True,True,"While not a traditional freestanding table, the windowsill in the RGB image functions as a flat surface for placing objects, similar to a table. The similarity map correctly highlights this windowsill area with high similarity (yellow/bright green), indicating that the model identifies this surface as 'table-like'."
45,table,False,False,"The RGB image does not contain a 'table'. The scene primarily shows a window with curtains and a plant on what appears to be a windowsill. Since no table is present, the similarity map cannot correctly highlight it."
46,table,False,False,"The RGB image does not show any object identifiable as a 'table'. The scene primarily depicts a window with curtains and a ceiling. Therefore, the similarity map cannot correctly highlight a 'table' as it is not present in the scene."
47,table,False,True,"The RGB image does not contain a 'table'. There is a windowsill with plants, but this is not classified as a table. The similarity map correctly shows no high similarity (yellow areas) for a 'table' anywhere in the scene, indicating the object is not detected."
48,table,False,True,"The RGB image does not contain a 'table'. The scene shows a bed, a window, a windowsill with plants, and a radiator. The semantic similarity map correctly reflects the absence of a table by showing predominantly low to medium similarity (green/purple colors) across the entire scene, with no bright yellow areas indicating high similarity."
49,table,False,False,"The RGB image does not contain a 'table'. The scene primarily shows a bed, a rug, and a wooden floor. Since no table is present, the similarity map cannot correctly highlight its location, making any areas of high similarity incorrect."
50,table,False,False,"The RGB image does not contain an object identifiable as a 'table'. The scene shows a bed, a bed frame, a rug, and a wooden floor. Since no table is present, the similarity map cannot correctly highlight it."
51,table,False,False,"The RGB image does not contain a 'table'. The similarity map, however, shows several areas with moderate to high similarity (yellowish-green), which incorrectly suggests the presence of a table in those regions."
52,table,False,False,"The RGB image does not contain an object that can be identified as a 'table'. While there is a window sill, it is not typically classified as a table. Since no table is present, the similarity map is incorrect as it shows areas of medium to high similarity (green/yellow) where no table exists."
53,table,False,False,"There is no distinct 'table' object (e.g., a piece of furniture) present in the RGB image. The window sill, while a flat surface, is an architectural feature and not typically classified as a table. The similarity map, however, shows areas of moderate to high similarity (green and yellow) in the central and lower-central regions, which is incorrect given the absence of a table."
54,table,False,False,"The RGB image does not contain an identifiable 'table'. The scene primarily shows a wall, a curtain, and a window with a plant on the windowsill. Since no table is present, the similarity map cannot correctly highlight its location."
55,table,False,False,"The RGB image does not show any 'table'. The similarity map, however, incorrectly displays areas of medium to high similarity (green to yellowish-green) on the right side, even though no table is present in the scene."
56,table,False,True,"The RGB image does not show a 'table'. There is a wall-mounted cabinet/shelf visible, but no table. The similarity map correctly reflects the absence of a table by showing predominantly low to moderate similarity (dark blue/purple and green tones) across the entire scene, with no bright yellow areas indicating high similarity."
57,table,False,True,"The RGB image does not contain a 'table'. It shows a wall-mounted shelf/cabinet and a plain wall. The similarity map correctly reflects the absence of a 'table' by showing predominantly low similarity (dark purple/blue/green areas) across the entire scene, with no bright yellow regions indicating a table."
58,table,False,True,"The RGB image does not contain a 'table'. The object visible in the top left is a wall-mounted shelf or cabinet, not a table. The semantic similarity map correctly shows low similarity (predominantly dark blue/purple areas) across the entire scene, indicating the absence of the target object 'table'."
59,table,True,True,"The RGB image shows a wooden chest or cabinet in the foreground, which functions as a table with a flat surface. The similarity map correctly highlights this object with high similarity (yellow/bright green areas) in the corresponding location, while the background wall shows low similarity (purple/dark blue areas)."
60,table,True,True,"The RGB image shows a piece of furniture that functions as a dresser or cabinet, but also has a prominent flat top surface, which can be semantically interpreted as a 'table' or a 'table-like' object by a model. The similarity map correctly highlights this entire furniture piece with high similarity (yellow areas), indicating the model identified it as a 'table' and accurately located it."
61,table,True,True,"A large piece of furniture, resembling a dresser or console table, is present on the right side of the RGB image. This object has a flat top surface and functions as a table. The similarity map correctly highlights this furniture piece with bright yellow areas, indicating high similarity to 'table'."
62,table,True,True,"A nightstand, which functions as a table, is clearly visible on the right side of the RGB image. The similarity map correctly highlights this object with high similarity (yellow areas) in the corresponding location."
63,table,True,True,"A wooden furniture piece, resembling a desk or small table, is present on the right side of the RGB image. The similarity map correctly highlights this area with high similarity (yellow/bright colors)."
64,table,False,False,"The RGB image does not show any object identifiable as a 'table'. The semantic similarity map for 'table' shows areas of medium to high similarity (greenish-yellow), particularly in the bottom right and scattered in the middle-left. Since no table is present, these areas of higher similarity indicate an incorrect mapping."
65,table,False,False,"The RGB image does not contain a 'table'. There is a wall-mounted shelf, but no table. Since no table is present, the similarity map should ideally show low similarity (purple) across the entire image. However, the map shows areas of high similarity (yellow/bright green), which is incorrect as there is no table to highlight."
66,table,False,True,The RGB image does not contain any object identifiable as a 'table'. The semantic voxel similarity map correctly reflects this by not showing any high similarity (yellow) areas for 'table' anywhere in the scene.
67,table,False,True,"The RGB image does not contain any object that can be identified as a 'table'. Since no table is present, a correct similarity map should not show high similarity for 'table' anywhere. The provided similarity map consists primarily of green and purple areas, indicating low to medium similarity, with no prominent yellow/bright areas. This is consistent with the absence of a table in the scene, thus the map is considered correct in its representation of low similarity."
68,table,False,True,"The RGB image does not contain any object identifiable as a 'table'. The similarity map correctly reflects this by showing predominantly low to medium similarity (purple/green tones) across the entire image, with no bright yellow areas indicating high similarity for a 'table'."
69,table,False,False,"The RGB image does not contain any object that can be identified as a 'table'. Therefore, the similarity map cannot correctly highlight a 'table' as the object is not present in the scene. The map itself shows mostly low to medium similarity values (green/purple), with no prominent high similarity (yellow) regions."
70,table,False,False,"The RGB image does not contain any object identifiable as a 'table'. The similarity map, despite the absence of a table, shows some areas with medium to high similarity (yellow/light green), which incorrectly suggests the presence of a table or parts of it."
71,table,False,False,"No 'table' is visible in the RGB image. However, the similarity map incorrectly shows high similarity (yellow areas) on the far left side, suggesting the presence of a table where none exists."
72,table,True,False,"A table leg is visible in the top-right of the RGB image, indicating the presence of a table. However, the similarity map shows high similarity (yellow) in the top-left and mid-left regions, which do not correspond to the table's location. The area where the table leg is present in the RGB image shows low to medium similarity in the map."
73,table,True,True,"A dark-colored desk or table is clearly visible on the left side of the RGB image. The semantic voxel similarity map correctly highlights this area with high similarity (yellow/bright colors), indicating the presence and location of the 'table'."
74,table,True,True,"A dark, rectangular table is visible on the left side of the RGB image. The similarity map correctly highlights this table with a bright yellow area in the corresponding bottom-left region, indicating high similarity."
75,table,False,False,"The RGB image does not show any object that can be identified as a 'table'. Therefore, the object is not present. The similarity map, however, shows areas of high similarity (yellow) for 'table', which is incorrect given the absence of the object in the scene."
76,table,False,False,"The RGB image does not contain a 'table'. The scene shows a tiled floor, a rug, and a piece of paper on the floor. Despite the absence of a table, the similarity map shows areas of medium to high similarity (green and some yellow), which is incorrect."
77,table,False,True,"The RGB image does not contain a 'table'. The scene shows a tiled floor with a poster and a rug, and a wooden structure that appears to be a step or part of a staircase. Since no table is present, the similarity map is correct in not highlighting any area with high (yellow) similarity. The map shows mostly low to medium-low similarity (green/purple tones) throughout, which is appropriate for the absence of the target object."
0,wall,False,True,"The RGB image shows a floor with tiles, a rug, and a poster, but no 'wall' is visible in the frame. The similarity map correctly reflects the absence of a wall by showing predominantly low similarity (dark/purple areas) across the entire image."
1,wall,False,True,"The RGB image shows a floor with tiles, a rug, and a framed picture. There is no visible 'wall' in the scene. The similarity map correctly shows low similarity (darker colors) across the entire image, indicating the absence of a 'wall'."
2,wall,False,True,"The RGB image primarily shows a tiled floor, a rug, and a framed picture. There is no clear 'wall' visible in the scene. The similarity map correctly reflects this by showing low similarity (dark purple/greenish-blue) across the entire map, indicating the absence of a 'wall' with no bright yellow areas."
3,wall,False,True,"The RGB image primarily shows a tiled floor, a rug, and a poster. There is no clear or distinct 'wall' visible in the scene. The similarity map correctly reflects this by showing predominantly low to medium similarity (purple to green/teal areas) across the entire map, with no bright yellow areas indicating the presence of a wall."
4,wall,False,True,"The RGB image shows a floor with tiles and a rug, viewed from above. There are no visible walls in the frame. The similarity map correctly reflects this by showing predominantly low similarity (purple/dark blue areas) for 'wall' across the entire scene, indicating no wall is detected."
5,wall,False,True,"The RGB image shows a tiled floor, a rug, and a framed picture, but no visible wall. The semantic similarity map correctly reflects the absence of a 'wall' by showing low similarity values (dark/purple/green areas) across the entire map, with no bright yellow highlights."
6,wall,False,True,"The RGB image shows a tiled floor, a rug, and a poster, viewed from an overhead perspective. There is no 'wall' visible in the scene. The similarity map correctly shows low similarity (dark purple/green areas) across the entire image, indicating the absence of a 'wall'."
7,wall,True,True,"A 'wall' is clearly present in the RGB image, visible as the light-colored vertical surface at the top of the frame. The similarity map correctly highlights this area with yellow/bright green colors, indicating high similarity to 'wall'."
8,wall,True,False,"The RGB image clearly shows walls on the left and right sides, framing the view. However, the similarity map does not highlight these prominent wall areas with high similarity (yellow). Instead, these areas are shown with medium similarity (green). The highest similarity (yellow) is observed in the upper central region, corresponding to a distant background area, which is not the primary wall elements in the foreground."
9,wall,True,True,"A 'wall' is clearly present in the RGB image, visible in the background behind the bed and chair, and also on the right side of the frame. The similarity map correctly shows high similarity (yellow/bright green areas) corresponding to these wall regions, particularly the wall on the right side and parts of the background wall. Areas like the floor, rug, bed, and chair show low similarity (purple/dark green), which is correct."
10,wall,True,True,"A 'wall' is clearly present in the RGB image, visible on the right side behind the sofa and shelf, and partially on the left. The similarity map correctly highlights these wall areas with bright yellow, indicating high similarity, while other objects like furniture and the floor show lower similarity (darker colors)."
11,wall,True,True,"The RGB image clearly shows multiple walls (light brown wall on the left/center, white wall on the right). The similarity map correctly highlights these large flat surfaces with high similarity (yellow areas), indicating the presence and location of walls."
12,wall,True,False,"A 'wall' is clearly present in the RGB image, occupying the right and left sides of the frame. However, the similarity map does not correctly highlight these areas. The large white wall on the right side of the RGB image, which is a prominent wall, is not highlighted in yellow (high similarity) in the map. Instead, the right side of the similarity map is predominantly green/purple (low similarity). While there is a yellow area in the bottom-left of the map, which might correspond to the beige wall on the left of the RGB image, the overall representation is not accurate for all visible walls, especially the most prominent one."
13,wall,True,False,"A wall is clearly present in the RGB image, occupying the right and center portions of the frame, as well as a section on the left. However, the similarity map does not correctly highlight these wall areas with high similarity (yellow). Instead, high similarity is shown in the bottom-left, while the main wall areas are mostly green/blue, indicating lower similarity."
14,wall,True,True,"The RGB image clearly shows two walls: a beige wall on the left and a white wall on the right. The similarity map correctly highlights both of these areas with bright yellow, indicating high similarity to 'wall'. Areas that are not walls (like the bed and the picture/thermostat) show lower similarity."
15,wall,True,True,"The RGB image clearly depicts walls, specifically the large white wall on the right and a lighter beige wall on the upper-left. The similarity map accurately highlights these wall regions with high similarity (yellow areas), while showing lower similarity for other objects like the sofa, table, and chair."
16,wall,True,False,"A 'wall' is clearly present in the RGB image, visible as the white surface on the right side and behind the furniture. However, the similarity map does not correctly highlight the wall; the areas corresponding to the wall in the RGB image are shown with low similarity (darker colors), while high similarity (yellow) is incorrectly indicated in other regions, primarily on the left side of the map."
17,wall,True,True,"A wall is visible in the background of the RGB image, behind the chair and to the left. The similarity map correctly shows high similarity (yellow areas) in the top-left portion, which corresponds to the location of the wall in the RGB image."
18,wall,True,True,"A 'wall' is clearly visible in the RGB image, specifically the white vertical surface on the right side behind the chair/desk, and another wall in the upper left background behind the bed/couch. The similarity map correctly highlights these areas with yellow (high similarity), while the floor and other objects show lower similarity (green/purple)."
19,wall,True,True,"A wall is clearly visible in the background of the RGB image, behind the sofa. The similarity map correctly highlights this area with high similarity (yellow/bright regions) in the upper-left and upper-middle parts of the map, corresponding to the wall's location."
20,wall,True,False,"A 'wall' is clearly present in the RGB image, visible as the white surface on the right side and in the background. However, the similarity map does not correctly highlight these wall areas with high similarity (yellow). Instead, it shows strong yellow areas on the left side of the map, corresponding to the sofa and floor in the RGB image, which are not walls."
21,wall,True,True,"The RGB image clearly shows two walls: a beige wall on the left and a white wall on the right, forming a corner. The similarity map correctly highlights these wall areas with bright yellow (high similarity), while the foreground objects like the couch and pillows show lower similarity (darker colors)."
22,wall,True,True,"The RGB image clearly shows two walls, one beige on the left and one white on the right, meeting at a corner. The similarity map correctly highlights these wall areas with high similarity (yellow), while showing lower similarity for the furniture and the picture hanging on the wall."
23,wall,True,True,"The RGB image clearly shows two walls meeting at a corner, one beige and one white. The similarity map correctly highlights these wall areas with high similarity (yellow/bright colors) on both the left and right sides, corresponding to the walls in the RGB image."
24,wall,True,True,"The RGB image clearly shows multiple walls: a beige wall on the left, a white wall on the right, and the ceiling. The similarity map correctly highlights these areas with yellow and bright green, indicating high similarity to 'wall' across most of the visible surfaces."
25,wall,True,True,"The RGB image clearly shows multiple walls: a beige wall on the left/center and a white wall on the right. The similarity map correctly highlights these wall areas with yellow/bright green, indicating high similarity to 'wall'. The ceiling area is also somewhat highlighted, which is acceptable as a flat surface."
26,wall,True,True,"A wall is clearly present in the RGB image, occupying most of the frame. The similarity map correctly highlights the large wall surfaces (both the beige and white walls) with yellow/bright green areas, indicating high similarity. The clock hanging on the wall is correctly shown as a dark/purple area, indicating low similarity, as it is not a wall."
27,wall,True,True,"A large wall is clearly visible in the RGB image, occupying most of the frame. The semantic similarity map correctly highlights these wall areas with high similarity (yellow), indicating a good correspondence."
28,wall,True,True,"A large, light-colored wall is clearly visible in the RGB image, occupying the upper and right portions of the background. The similarity map correctly highlights this area with yellow/bright green, indicating high similarity to 'wall', while other objects like the sofa and bookshelf show lower similarity (darker colors)."
29,wall,True,True,"A wall is clearly visible in the RGB image, forming the background behind the sofa and extending to the right. The similarity map correctly highlights these large wall areas with high similarity (yellow/bright green). Areas that are not walls, such as the sofa and the floor, generally show lower similarity. While there are minor inconsistencies (e.g., a small bright spot in the bottom left that is not a wall), the primary wall surfaces are accurately highlighted."
30,wall,True,True,"A light-colored wall is clearly visible in the RGB image, located behind the gray sofa and the wooden cabinet. The similarity map correctly highlights this area with bright yellow (high similarity) values in the upper right and upper central portions, corresponding to the wall's location."
31,wall,True,True,"A wall is clearly visible in the RGB image on the right side, behind the sofa. The similarity map correctly highlights this area with yellow (high similarity), indicating the presence and location of the wall."
32,wall,True,True,"The RGB image clearly shows a plain, light-colored wall on the right side of the frame, behind the crib/bed. The semantic similarity map correctly highlights this area with high similarity (yellow), indicating the presence and location of the wall. The furniture on the left, which is not a wall, shows lower similarity."
33,wall,True,True,"A wall is clearly visible on the right side of the RGB image, behind the bookshelf. The semantic voxel similarity map correctly highlights this area with bright yellow, indicating high similarity to 'wall'."
34,wall,True,True,"A 'wall' is clearly visible in the RGB image, specifically the light beige wall on the right and the white wall on the left. The similarity map correctly highlights these areas with bright yellow, indicating high similarity to 'wall', while the furniture and curtain areas are darker, showing low similarity."
35,wall,True,True,"A 'wall' is clearly present in the RGB image, visible as the light peach-colored surface on the right and the surface behind the curtain on the left. The similarity map correctly highlights these areas, particularly the upper right and upper left portions, with yellow/bright green indicating high similarity to 'wall'."
36,wall,True,False,"A 'wall' is present in the RGB image, visible behind the cabinet on the left and behind the bookshelf on the right. However, the similarity map does not correctly highlight these areas. The map shows patchy, inconsistent high similarity (yellow/bright green) that does not correspond to the actual wall surfaces. Much of the map is in the low to medium similarity range (green/purple)."
37,wall,True,True,"A 'wall' is clearly visible in the RGB image, specifically the light-colored vertical surface between the curtains and the wooden furniture on the left side. The similarity map correctly highlights this area with high similarity (yellow/bright green), indicating the presence and location of the wall."
38,wall,True,True,"A wall is clearly present in the RGB image, forming the background for the curtain and the cabinets. The similarity map correctly highlights the areas corresponding to the wall (behind the curtain on the left and behind the cabinets) with high similarity (yellow/bright colors)."
39,wall,True,True,"A 'wall' is clearly present in the RGB image, visible behind the wooden cabinet and to the left of it, partially covered by a curtain. The similarity map correctly highlights these areas with high similarity (yellow/bright colors), while the floor and furniture areas show low similarity (darker colors)."
40,wall,True,True,"A wall is clearly visible in the background of the RGB image, behind the bed frame and the shelf. The similarity map correctly shows high similarity (yellow/bright green areas) in the upper portion of the map, which corresponds to the location of the wall in the RGB image."
41,wall,True,True,"A wall is clearly visible in the background of the RGB image, particularly on the right and upper-middle sections. The similarity map correctly highlights these areas with yellow/bright colors, indicating high similarity to 'wall'."
42,wall,True,True,"A 'wall' is clearly visible in the RGB image, specifically the white wall on the right side behind the radiator and curtain. The similarity map correctly shows high similarity (yellow/bright areas) in the corresponding region on the right side of the map, indicating the presence and location of the wall."
43,wall,True,False,"A 'wall' is clearly present in the RGB image, visible around the window, above the radiator, and behind the curtain. However, the similarity map does not correctly highlight all wall areas with high similarity. While some areas on the far right (corresponding to the wall behind the curtain) show high similarity (yellow), the prominent wall sections around the window and above the radiator (left and middle of the image) are mostly shown with lower similarity (green/darker green), indicating an incomplete or incorrect mapping of the object's location."
44,wall,True,True,"A 'wall' is clearly present in the RGB image, forming the structure around and below the window. The similarity map correctly highlights these wall areas with yellow/bright green colors, indicating high similarity. Areas corresponding to the windows and curtains show lower similarity (darker purple/green), which is also correct."
45,wall,True,True,"A 'wall' is clearly present in the RGB image, visible above and to the left of the window. The similarity map correctly highlights these areas with yellow/bright green, indicating high similarity to 'wall'."
46,wall,True,True,"A 'wall' is clearly present in the RGB image, visible above and to the left of the window. The similarity map correctly highlights these areas with yellow/bright green, indicating high similarity to 'wall'."
47,wall,True,True,"A wall is clearly present in the RGB image, visible below the window sill and to the left of the window. The similarity map correctly highlights these areas with yellow/bright colors, indicating high similarity to 'wall'."
48,wall,True,True,"A 'wall' is clearly present in the RGB image, visible behind the bed and below the window. The similarity map correctly highlights these areas with yellow/bright colors, indicating high similarity to 'wall'."
49,wall,True,True,"A wall is clearly present in the background of the RGB image. The similarity map shows high similarity (yellow/bright green areas) in several locations corresponding to the wall, particularly on the right side and behind the bed. While the map also highlights the floor and does not uniformly cover the entire wall, it does correctly indicate high similarity where parts of the 'wall' are located."
50,wall,False,False,"The RGB image shows a bed, bedding, a bed frame, a wooden floor, and a rug. There is no visible 'wall' in the scene. Therefore, the object is not present. The similarity map shows varying levels of similarity, including some brighter green/yellow areas, which would be incorrect if no wall is present."
51,wall,True,True,"A wall is clearly visible in the background of the RGB image, behind the bed frame. The similarity map correctly highlights the areas corresponding to the wall (top-right and top-middle/left) with yellow/bright green, indicating high similarity. Areas corresponding to the bed and rug show lower similarity."
52,wall,True,True,"The RGB image clearly shows walls, particularly to the left and around the window. The semantic similarity map correctly highlights these wall areas with high similarity (yellow/bright colors), indicating an accurate detection and localization of the 'wall'."
53,wall,True,True,"A wall is clearly visible in the RGB image, specifically to the left of the window and below the window sill. The similarity map correctly highlights these areas with high similarity (yellow/bright green), indicating the presence of the wall. Areas like the window and curtains show lower similarity (darker green/purple), which is also correct."
54,wall,True,True,"A wall is clearly visible on the left side and above the window in the RGB image. The similarity map correctly highlights these areas with high similarity (yellow/bright colors), indicating the presence and location of the wall."
55,wall,True,True,"A 'wall' is clearly present in the RGB image, visible as the beige surface on the left and the lighter surface on the right, forming an interior corner of a room. The similarity map correctly highlights these areas with high similarity (yellow and bright green), indicating the presence of walls."
56,wall,True,False,"A 'wall' (the large beige surface) is clearly present in the RGB image. The similarity map correctly shows high similarity for this wall area and low similarity for the cabinet. However, the map also incorrectly shows high similarity for the ceiling, which is not a wall."
57,wall,True,True,"A large portion of the RGB image clearly shows a beige wall. The similarity map correctly highlights the wall areas (right side, bottom, and behind the cabinet) with high similarity (yellow/bright green), while the cabinet itself is correctly shown with low similarity (dark purple)."
58,wall,True,True,"A large portion of the RGB image clearly shows a light-colored wall. The similarity map correctly highlights these wall areas with bright yellow/green, indicating high similarity. The darker purple/blue areas in the top-left correspond to the shelf, which is not a wall, correctly showing low similarity."
59,wall,True,False,"A large, light-colored wall is clearly present in the RGB image, occupying the upper and central portion. However, the similarity map does not correctly highlight this area with high similarity (yellow). Instead, the map shows medium to low similarity (greens and purples) where the wall is located."
60,wall,True,False,"A 'wall' is clearly present in the RGB image, forming the background behind the cabinet. However, the similarity map does not correctly highlight the wall with high similarity (yellow). Instead, the area corresponding to the wall shows mostly medium (green) to low (purple) similarity values."
61,wall,True,False,"A wall is clearly present in the RGB image, forming the background behind the furniture and stools. However, the similarity map does not highlight this wall with high similarity (yellow/bright areas). The map shows mostly green/moderate similarity, with some darker purple/low similarity spots, but no strong indication of the wall's presence."
62,wall,True,False,"A wall is clearly present in the RGB image, forming the background behind the furniture. However, the similarity map does not highlight this area with high similarity (yellow); instead, it shows mostly green and some purple, indicating low to moderate similarity."
63,wall,True,False,"A 'wall' is clearly present in the RGB image, occupying the upper and right portions of the frame. However, the similarity map does not accurately highlight this wall. While there are some brighter (yellow/green) patches, they are fragmented and do not consistently cover the entire wall area with high similarity. Many parts of the wall in the RGB image correspond to lower similarity (darker green/purple) in the map, indicating an incorrect mapping."
64,wall,True,False,"A large wall is clearly present in the RGB image, occupying most of the frame. However, the similarity map for 'wall' does not consistently highlight this entire wall area with high similarity (yellow/bright colors). Instead, it shows a fragmented pattern with varying similarity values, including areas of lower similarity (darker green/purple) within the wall region, indicating an incorrect or inconsistent mapping."
65,wall,True,True,"A 'wall' is clearly present in the RGB image, forming the background of the scene (both the light beige wall and the white wall on the left). The similarity map correctly highlights these wall areas with yellow and bright green (high similarity) values, indicating a strong correspondence to the 'wall' object."
66,wall,True,True,"The RGB image clearly shows two walls meeting in a corner. The similarity map correctly highlights these wall areas with high similarity (yellow/bright regions) on the left and top-left, while showing lower similarity for other objects like the shelf."
67,wall,True,True,"The RGB image clearly shows multiple walls: a large white wall in the center, a beige wall on the right, and part of a brown door frame/wall on the left. The similarity map correctly highlights these areas with high similarity (yellow/bright green), indicating the presence and location of 'wall' objects."
68,wall,True,True,"A 'wall' is clearly present in the RGB image, occupying the large white and light brown surfaces in the center and right. The similarity map correctly highlights these areas with high similarity (yellow/bright colors), while showing low similarity (purple/dark colors) for the door and door frame on the left."
69,wall,True,True,"A prominent white wall is visible on the right side of the RGB image. The similarity map correctly highlights this area with bright yellow, indicating high similarity to 'wall'. Other areas, like the wall around the door, also show moderate to high similarity (green/light green), which is reasonable."
70,wall,True,True,"A white wall is clearly visible on the right side of the RGB image, behind the black bag. The similarity map correctly highlights this area with bright yellow/green, indicating high similarity to 'wall'. Other areas like the door, floor, and objects are correctly shown with low similarity (purple/dark green)."
71,wall,True,False,"A 'wall' is present in the RGB image, visible behind the open door on the left side. However, the similarity map incorrectly highlights the floor (bottom half of the image) with high similarity (yellow/bright green), while the actual wall areas are not strongly highlighted or are less highlighted than the floor."
72,wall,True,False,"A 'wall' is present in the RGB image, visible as the white surface at the very top, above the wooden door frame. However, the similarity map for 'wall' does not correctly highlight this area with high similarity (yellow). The region corresponding to the wall in the map is predominantly green, indicating moderate to low similarity, rather than high similarity."
73,wall,True,True,"A 'wall' is clearly visible in the RGB image on the left side (white wall behind the desk), on the right side (partially obscured by a door frame/cabinet), and through the doorway in the background. The similarity map correctly highlights these areas with high similarity (yellow/bright green), while the floor area shows low similarity (darker green/purple)."
74,wall,True,True,"A 'wall' is clearly present in the RGB image, specifically the white wall on the left and the walls surrounding the doorway. The similarity map correctly highlights these areas with yellow/bright colors, indicating high similarity to 'wall', while the floor and furniture are shown with low similarity (darker colors)."
75,wall,True,True,"The RGB image clearly shows walls on the left and right sides, defining a doorway or room boundary. The similarity map correctly highlights these wall areas with higher similarity (yellow/green tones), while the floor in the center and other non-wall areas show lower similarity (purple/darker tones)."
76,wall,True,False,"A wall is visible on the left side of the RGB image. However, the similarity map does not correctly highlight the wall; the areas corresponding to the wall in the RGB image are mostly green/blue (medium similarity), while some brighter green/yellow areas (higher similarity) are incorrectly shown on the floor."
77,wall,False,False,"The RGB image primarily shows a tiled floor, a rug, and a poster. There is no clearly identifiable or prominent 'wall' in the scene. A small, light-colored, out-of-focus area on the far left might be part of a wall or door frame, but it's ambiguous and not a primary feature. Since a 'wall' is not clearly present, the similarity map cannot be correct. Furthermore, the map shows low similarity (dark purple) in the area corresponding to the ambiguous light surface on the left, and some higher similarity (brighter green/yellow) in the bottom right where only the floor and rug are present."
0,window,False,True,"The RGB image does not contain a 'window'. The similarity map correctly reflects this by showing low similarity (predominantly green/blue tones) across the entire image, with no high similarity (yellow) areas."
1,window,False,True,"The RGB image does not contain a 'window'. It shows a tiled floor, a rug, and a framed picture. The semantic similarity map correctly shows low to medium similarity (greens and blues/purples) across the entire image, with no high similarity (yellow) areas, which is appropriate given the absence of a window in the scene."
2,window,False,True,"The RGB image does not contain a 'window'. The similarity map correctly reflects this by showing low similarity (predominantly green and purple/dark areas) across the entire scene, indicating the absence of the object."
3,window,False,True,"The RGB image displays a tiled floor, a rug, and a framed picture lying on the floor. There is no 'window' visible in the scene. The similarity map correctly shows low similarity (predominantly green and purple tones) across the entire image, indicating the absence of a 'window'."
4,window,False,False,"The RGB image does not show any 'window'. The scene depicts a tiled floor with a rug and a framed picture. Since no window is present, the similarity map cannot correctly highlight it, and thus is incorrect."
5,window,False,True,"The RGB image shows a tiled floor with a rug and a framed picture. There is no 'window' visible in the scene. The similarity map correctly shows low similarity (darker green/blue, no yellow) across the entire area, indicating the absence of a 'window'."
6,window,False,False,"The RGB image does not contain any visible 'window'. Therefore, the object is not present, and the similarity map cannot correctly highlight it. The map shows mostly low to medium similarity values (greens and blues), with no strong yellow areas that would indicate a window."
7,window,False,True,"The RGB image does not contain a 'window'. The similarity map correctly reflects this by showing low similarity (predominantly green and dark purple/blue, no yellow areas) across the entire scene, indicating the absence of a 'window'."
8,window,False,True,"The RGB image does not show any window. It depicts a floor, a door frame, and a transition strip. The similarity map correctly shows low similarity (darker colors) across the entire image, indicating the absence of a 'window'."
9,window,False,True,"The RGB image does not show a 'window' anywhere in the visible scene. The semantic voxel similarity map correctly reflects this by showing predominantly low similarity values (dark purple/green colors) across the entire map, with no bright yellow areas indicating the presence of a window."
10,window,True,True,"A window is visible on the far left side of the RGB image, partially covered by curtains. The similarity map correctly highlights this area with high similarity (yellow), indicating the presence and location of the window."
11,window,False,False,"The RGB image does not contain a 'window'. Therefore, the similarity map cannot correctly highlight its location. The map shows moderate similarity values across the scene, rather than uniformly low similarity, which would be expected if the object is absent."
12,window,False,True,"The RGB image does not show any windows. The similarity map correctly reflects this by showing predominantly low to medium similarity (green/teal/blue tones) across the entire scene, with no bright yellow areas indicating the presence of a 'window'."
13,window,False,False,"The RGB image does not contain a 'window'. Therefore, the similarity map cannot correctly highlight the object's location. The map shows varying shades of green/teal, none of which indicate high similarity (yellow) for a window."
14,window,False,True,"The RGB image does not contain any object identifiable as a 'window'. The semantic similarity map for 'window' correctly reflects this by showing predominantly low to medium similarity (green and purple areas) across the entire scene, with no bright yellow areas indicating high similarity for a window."
15,window,False,True,"The RGB image does not show any window. The similarity map correctly reflects this by showing low similarity (mostly greens and blues, with no yellow highlights) across the entire scene, indicating the absence of a 'window'."
16,window,False,False,"No 'window' is visible in the RGB image. Therefore, the map cannot correctly highlight it."
17,window,False,True,"The RGB image does not show any window. The similarity map correctly reflects this by showing low similarity (dark/purple/green areas) across the entire map, indicating no 'window' is detected."
18,window,False,True,"The RGB image does not show any window. The similarity map correctly reflects this by displaying predominantly low similarity values (darker colors) across the entire scene, with no bright yellow areas indicating a window."
19,window,False,True,"The RGB image does not contain a 'window'. The semantic voxel similarity map correctly reflects this by showing low to moderate similarity (greens and purples) throughout, with no high similarity (yellow) areas that would indicate the presence of a window."
20,window,False,True,"The RGB image does not contain a 'window'. The similarity map correctly reflects this by showing predominantly low similarity (dark green and purple areas) across the entire scene, with no high similarity (yellow) regions."
21,window,False,False,"The RGB image does not contain a 'window'. The scene depicts an indoor corner with a sofa, pillows, and walls, but no visible window. Therefore, the similarity map cannot correctly highlight a non-existent object."
22,window,False,True,"The RGB image does not contain a 'window'. The similarity map correctly reflects this by showing predominantly low similarity (green/purple areas) across the entire scene, indicating the absence of a window."
23,window,False,False,"The RGB image does not contain a 'window'. The image shows an indoor scene with walls and framed pictures, but no actual window. Therefore, the similarity map should ideally show uniformly low similarity (dark/purple) across the entire image. However, the map displays varying levels of similarity, with some areas appearing lighter green/yellow, indicating a higher similarity than expected for a scene without the target object. Thus, the map is incorrect as it suggests some similarity to a window where none exists."
24,window,False,False,"No 'window' is present in the RGB image. The image shows an indoor scene with walls and framed pictures, but no actual window. Since the object is not present, the similarity map should ideally show low similarity everywhere (dark/purple). However, the map displays various shades of green, indicating medium to higher similarity in several areas, which is incorrect given the absence of a window."
25,window,False,False,"The RGB image does not show any 'window'. Therefore, the object is not present in the scene. Consequently, the similarity map cannot correctly highlight the location of a non-existent object."
26,window,False,True,"The RGB image does not show any window. The similarity map correctly reflects this by showing low similarity (no bright yellow areas) across the entire scene, indicating the absence of a window."
27,window,False,False,"The RGB image does not show a 'window'. Since the object is not present in the scene, the similarity map cannot correctly highlight its location."
28,window,False,True,The RGB image does not show any visible 'window'. The similarity map correctly reflects this by not displaying any high similarity (yellow) areas for 'window' anywhere in the scene.
29,window,False,True,"The RGB image does not contain a 'window'. The similarity map correctly shows low similarity (darker colors) across the entire scene, indicating the absence of the object."
30,window,False,True,"The RGB image does not show any visible 'window'. The similarity map correctly reflects this by showing predominantly low similarity (purple/dark areas) across the entire scene, with no bright yellow areas indicating the presence of a window."
31,window,False,True,"The RGB image does not show any window. The semantic voxel similarity map correctly indicates low similarity (predominantly dark/purple/green areas) across the entire scene, consistent with the absence of a 'window'."
32,window,False,True,"The RGB image does not contain any visible 'window'. The similarity map correctly reflects this by showing predominantly low similarity values (green/blue/purple) across the entire scene, with no bright yellow areas that would indicate the presence of a window."
33,window,False,True,"The RGB image does not show any visible 'window'. The semantic voxel similarity map for 'window' correctly shows low to medium similarity (predominantly green/teal, no bright yellow areas), indicating the absence of the object."
34,window,True,True,"A window is present in the RGB image, partially obscured by a curtain on the left side. The similarity map correctly highlights this area with high similarity (yellow/bright color) in the top-left corner, corresponding to the location of the window and curtain."
35,window,True,True,"A window is present on the left side of the RGB image, partially obscured by a beige curtain. The similarity map correctly highlights this area with high similarity (yellow/bright green) on the far left edge, corresponding to the window's location."
36,window,False,True,"The RGB image does not show a visible 'window'. While there is a curtain on the left, the window itself is not discernible. Consequently, the similarity map correctly shows low similarity (predominantly green and purple tones, with no bright yellow areas) across the entire scene, indicating the absence of a 'window'."
37,window,True,False,"A window is present on the far left of the RGB image, partially obscured by a curtain. However, the similarity map does not highlight this area with high similarity (yellow). The map shows mostly moderate to low similarity (green/purple) across the entire scene, failing to correctly identify the window."
38,window,False,True,"The RGB image does not contain a visible 'window'. The similarity map correctly reflects this by showing predominantly low similarity (green/blue/purple) across the entire scene, with no high similarity (yellow) areas highlighted."
39,window,False,False,"The RGB image does not show a 'window'. The curtains on the left are drawn, and no window is visible behind them or elsewhere in the scene. Therefore, the similarity map cannot correctly highlight a non-existent object."
40,window,False,False,"The RGB image does not show any 'window' in the scene. Therefore, the similarity map cannot correctly highlight a window, as the object is not present."
41,window,False,True,"The RGB image does not show a 'window'. While there is a curtain on the right, the window itself is not visible. The similarity map correctly shows low to very low similarity (predominantly green/teal with some dark purple areas) across the entire scene, indicating that no 'window' is present with high confidence (no bright yellow areas)."
42,window,False,True,"The RGB image does not show a visible 'window'. Although there is a curtain, the window itself is not visible. The similarity map correctly shows low to medium similarity across the entire scene, with no areas highlighted in yellow for a 'window', which is consistent with its absence."
43,window,True,True,"A window is clearly present in the RGB image, located in the upper center and extending to the right. The similarity map correctly highlights this area with bright yellow, indicating high similarity to 'window'. The areas corresponding to the bed and radiator show low similarity (purple), which is also correct."
44,window,True,True,"A 'window' is clearly visible in the RGB image, occupying the central and left portions of the frame. The similarity map correctly highlights these areas (the window panes and blinds) with bright yellow, indicating high similarity to 'window'. The areas around the window, such as the curtain on the right and the windowsill with plants, show lower similarity, which is appropriate."
45,window,True,True,"A window is clearly visible in the center of the RGB image, framed by curtains. The similarity map correctly highlights the entire area of the window with bright yellow, indicating high similarity, while the surrounding areas (curtains, wall) show lower similarity."
46,window,True,True,"A window is clearly visible in the center of the RGB image, partially covered by blinds and curtains. The similarity map correctly highlights the entire area corresponding to the window with high similarity (yellow/bright colors), while the surrounding areas (walls, ceiling, side curtains) show lower similarity (green/darker colors)."
47,window,True,True,"A window is clearly visible in the RGB image, occupying a large central portion. The similarity map correctly highlights this area with bright yellow, indicating high similarity to 'window'. The surrounding areas like the curtains and windowsill show lower similarity."
48,window,True,True,"A large window is clearly visible in the RGB image, occupying the upper portion of the frame. The similarity map correctly highlights this area with bright yellow, indicating high similarity to 'window', while the rest of the scene (bed, radiator) shows low similarity with darker colors."
49,window,False,False,"No 'window' is visible in the RGB image. The similarity map is incorrect because it shows a small area of high similarity (yellow) in the top-left corner, implying the presence of a window where none exists."
50,window,False,True,"The RGB image does not contain a 'window'. The similarity map correctly shows low similarity (darker colors, no yellow/bright areas) across the entire scene, indicating the absence of a 'window'."
51,window,False,False,"The RGB image does not contain a 'window'. The similarity map, however, incorrectly shows areas of high similarity (yellow) in the upper part of the image, despite the absence of the object."
52,window,True,True,"A window is clearly visible in the upper right portion of the RGB image. The similarity map correctly highlights this area with high similarity (yellow/bright colors), indicating the presence and location of the window."
53,window,True,False,"A large window is clearly present in the RGB image, occupying the central and right portion of the frame. However, the similarity map does not correctly highlight the window. The main bright area of the window and the windowsill are predominantly green or light purple, indicating low to medium similarity, rather than the expected high similarity (yellow)."
54,window,True,True,"A window is clearly visible on the right side of the RGB image, partially covered by blinds. The similarity map correctly highlights this area with high similarity (yellow/bright green), indicating the presence and location of the window."
55,window,True,True,"A window is clearly visible on the right side of the RGB image, partially obscured by a curtain. The similarity map correctly highlights this area with high similarity (yellow), indicating the presence and location of the window."
56,window,False,False,"The RGB image does not contain a 'window'. However, the similarity map incorrectly shows areas of high similarity (yellow) on the right side, suggesting the presence of a window where there is none."
57,window,False,False,"The RGB image does not contain a 'window'. It shows a wall with a wall-mounted cabinet. Since the object is not present, the similarity map cannot be correct in highlighting it."
58,window,False,True,The RGB image does not show any 'window'. The similarity map correctly reflects this by showing no high similarity (yellow/bright areas) for the object 'window' anywhere in the scene.
59,window,False,True,The RGB image does not show any window. The similarity map correctly reflects this by showing only low similarity (no yellow/bright areas) across the entire scene for the object 'window'.
60,window,False,False,"The RGB image does not contain a 'window'. Therefore, the similarity map cannot correctly highlight its location, making the map incorrect in the context of highlighting the object."
61,window,False,False,"The RGB image does not contain a 'window'. Therefore, the similarity map cannot correctly highlight a window, and the object is not present in the scene."
62,window,False,True,The RGB image does not contain any object identifiable as a 'window'. The similarity map correctly reflects this by showing predominantly low similarity (darker green/purple areas) and no high similarity (yellow/bright areas) anywhere in the scene.
63,window,False,True,The RGB image does not show any window. The similarity map correctly indicates the absence of a window by showing low similarity (no bright yellow areas) across the entire scene.
64,window,False,True,"The RGB image does not show a 'window'. The scene appears to be an interior wall with a dark object (possibly a curtain or stand) on the left. There are no visible window panes or frames. The similarity map correctly reflects the absence of a 'window' by showing predominantly low to medium similarity (green/purple tones) across the entire image, with no bright yellow areas indicating high similarity."
65,window,False,True,"The RGB image does not show a 'window'. There is a dark curtain-like fabric on the left, but no visible window behind or next to it. The similarity map correctly shows low to medium similarity (green/purple areas) across the entire scene, with no bright yellow areas indicating a 'window', which is consistent with the object not being present."
66,window,False,True,"The RGB image does not contain a 'window'. The similarity map correctly shows low to moderate similarity (greens and purples) across the entire scene, with no strong yellow areas indicating the presence of a window. Therefore, the map accurately reflects the absence of the object."
67,window,False,True,"The RGB image does not show any windows. The similarity map correctly reflects this by showing predominantly low to medium similarity (green/blue tones) across the entire image, with no high similarity (yellow) areas indicating a window."
68,window,False,True,"No 'window' is visible in the RGB image; the scene primarily shows a door frame and a wall. The similarity map correctly reflects this by showing low to medium similarity (greens and blues) across the entire image, with no bright yellow areas indicating high similarity for a 'window'."
69,window,False,True,"No 'window' is visible in the RGB image. The similarity map for 'window' correctly shows no high similarity (yellow/bright) areas, indicating the absence of the object."
70,window,False,True,"The RGB image does not contain any visible windows. The semantic similarity map correctly reflects this by showing predominantly low to moderate similarity (darker green/blue areas) across the entire image, with no high similarity (yellow) regions, indicating the absence of a 'window'."
71,window,False,True,"The RGB image does not show any windows. The similarity map correctly reflects this by displaying predominantly low similarity (darker colors) across the entire scene, indicating the absence of a 'window'."
72,window,False,True,"The RGB image does not contain a 'window'. It shows a floor, a chair leg, and part of a door frame or furniture. The similarity map correctly shows low similarity (dark purple/blue) across the entire image, indicating the absence of a 'window'."
73,window,False,True,"The RGB image does not contain any object identifiable as a 'window'. The similarity map correctly reflects this by showing predominantly low similarity (dark purple/blue and green areas) across the entire scene, with no bright yellow areas indicating high similarity for a 'window'."
74,window,False,True,"The RGB image does not contain any visible 'window'. The similarity map correctly reflects this by showing low similarity (predominantly green/blue-green, no bright yellow areas) across the entire scene, indicating the absence of the object."
75,window,False,True,"The RGB image does not contain any visible windows. The similarity map correctly reflects this by showing low to medium similarity (green/purple tones) across the entire image, with no high similarity (yellow) areas that would indicate the presence of a 'window'."
76,window,False,True,"The RGB image does not contain a 'window'. The similarity map correctly shows low similarity (predominantly green and blue/purple tones, no bright yellow) across the entire scene, indicating the absence of the object."
77,window,False,True,"The RGB image does not clearly depict a 'window' as a distinct object. There is a bright area on the far left, but it is ambiguous and not definitively a window. The similarity map correctly shows no areas of high similarity (yellow) for 'window', indicating that the object is not detected with high confidence, which aligns with its absence or ambiguity in the RGB image."
