frame_index,query,object_present,map_correct,reasoning
0,ball,False,False,"The RGB image does not contain any object that can be identified as a 'ball'. Despite the absence of the object, the similarity map shows significant areas of high similarity (yellow), which is incorrect as there is no 'ball' to highlight."
1,ball,False,False,"The RGB image does not contain any object that can be identified as a 'ball'. Therefore, the object is not present. The similarity map shows areas of high similarity (yellow) for 'ball' in various parts of the scene, which is incorrect since no ball is present."
2,ball,False,False,"The RGB image does not contain any object that can be identified as a 'ball'. Despite the absence of the object, the similarity map shows numerous areas of high similarity (yellow/bright green), which is incorrect for an object that is not present in the scene."
3,ball,False,False,"The RGB image does not contain any object that can be identified as a 'ball'. The semantic similarity map, however, shows many areas of high similarity (yellow/bright), incorrectly suggesting the presence of a 'ball' throughout the scene."
4,ball,False,False,"The RGB image 'RGB Frame 4' does not contain any object that can be identified as a 'ball'. Therefore, the object is not present in the scene, and the similarity map cannot correctly highlight it. The map shows areas of high similarity (yellow), which is incorrect as no 'ball' exists in the scene."
5,ball,False,False,"The RGB image does not contain any object identifiable as a 'ball'. The similarity map, however, displays various areas with high similarity (yellow/bright), incorrectly suggesting the presence of a 'ball' in those locations."
6,ball,False,False,"The RGB image does not contain any object identifiable as a 'ball'. The similarity map, however, shows significant areas of high similarity (yellow/bright green), incorrectly suggesting the presence of a 'ball' in the scene where none exists."
7,ball,False,False,"The RGB image does not contain any object that can be identified as a 'ball'. The similarity map, however, shows areas of high similarity (yellow) in the top-left and top-middle regions, which incorrectly suggests the presence of a 'ball' where none exists."
8,ball,False,False,"The RGB image does not contain any object identifiable as a 'ball'. The similarity map, however, shows significant areas of high similarity (yellow), incorrectly suggesting the presence of a 'ball' in the scene."
9,ball,False,False,"The RGB image does not contain any object identifiable as a 'ball'. Therefore, the object is not present, and the similarity map cannot be correct in highlighting it."
10,ball,False,False,"The RGB image does not contain any object identifiable as a 'ball'. The similarity map, however, shows several bright yellow areas, indicating high similarity to 'ball', which is incorrect as no ball is present in the scene."
11,ball,False,False,"The RGB image does not contain any object that can be identified as a 'ball'. Therefore, the similarity map cannot correctly highlight the object's location as the object is not present."
12,ball,False,False,"The RGB image does not contain any object that can be identified as a 'ball'. Therefore, the similarity map cannot correctly highlight a 'ball' as it is not present in the scene."
13,ball,False,False,"The RGB image does not contain any object identifiable as a 'ball'. Therefore, the object is not present. The similarity map shows areas of high similarity (yellow) for 'ball' in various regions, which is incorrect as no 'ball' exists in the scene."
14,ball,False,False,"The RGB image does not contain any object identifiable as a 'ball'. Therefore, the similarity map cannot correctly highlight a 'ball' as it is not present in the scene."
15,ball,False,False,"The RGB image does not contain a 'ball'. The similarity map incorrectly shows high similarity (yellow areas) for 'ball' across various parts of the scene, despite the object's absence."
16,ball,False,False,"The RGB image does not contain a 'ball'. The similarity map, however, shows high similarity (yellow areas) across a significant portion of the scene, which is incorrect as no 'ball' is present."
17,ball,True,False,"A small, light-colored, spherical object resembling a ball is present on the floor near the right wall in the RGB image. However, the similarity map does not distinctly highlight this specific object with high (yellow) similarity. The brightest yellow areas in the map are not co-located with the object."
18,ball,False,False,"The RGB image does not contain any object identifiable as a 'ball'. Therefore, the object is not present. The similarity map shows areas of high similarity (yellow), which is incorrect since there is no 'ball' in the scene to highlight."
19,ball,False,False,"The RGB image does not contain any object that can be identified as a 'ball'. Therefore, the similarity map cannot correctly highlight the object."
20,ball,False,False,"The RGB image does not contain any object that can be identified as a 'ball'. The similarity map, however, shows multiple areas of high similarity (yellow), which is incorrect as the object is not present in the scene."
21,ball,False,False,"The RGB image does not contain any object that can be identified as a 'ball'. Since the object is not present, the similarity map cannot correctly highlight its location. The map shows varying levels of similarity, including some brighter areas, which would be incorrect if interpreted as highlighting a 'ball'."
22,ball,False,False,"The RGB image does not contain any object that can be identified as a 'ball'. The semantic similarity map, however, shows several bright yellow areas indicating high similarity to 'ball', which is incorrect as no ball is present in the scene."
23,ball,False,False,"The RGB image does not contain a 'ball'. The similarity map incorrectly shows areas of medium to high similarity (green and yellow) across the scene, even though the target object is absent."
24,ball,False,False,"The RGB image does not contain any object identifiable as a 'ball'. However, the similarity map shows areas of high similarity (yellow) on the right side, which is incorrect as no 'ball' is present in the scene."
25,ball,False,False,"The RGB image does not show any object that can be identified as a 'ball'. Therefore, the object is not present, and the similarity map cannot be correct in highlighting it."
26,ball,False,False,"The RGB image does not contain any object identifiable as a 'ball'. Despite the absence of the object, the similarity map shows several areas of high similarity (yellow), which are incorrect as there is no 'ball' to highlight."
27,ball,False,False,"The RGB image does not contain any object that can be identified as a 'ball'. However, the semantic voxel similarity map shows significant areas of high similarity (yellow/bright green), which incorrectly suggests the presence of a 'ball' in the scene."
28,ball,False,False,"The RGB image does not contain any object identifiable as a 'ball'. Therefore, the similarity map cannot correctly highlight a non-existent object."
29,ball,False,False,"The RGB image does not contain any object identifiable as a 'ball'. Despite the absence of the object, the similarity map shows numerous areas of high similarity (yellow), indicating an incorrect detection or hallucination of the object's presence."
30,ball,False,False,"No object identifiable as a 'ball' is present in the RGB image. Therefore, the similarity map cannot correctly highlight its location. The map shows areas of high similarity (yellow) which do not correspond to any 'ball' in the scene."
31,ball,False,False,"The RGB image does not contain a 'ball'. The similarity map, however, shows numerous areas of high similarity (yellow), which is incorrect as no 'ball' is present in the scene."
32,ball,False,False,"The RGB image does not contain any object identifiable as a 'ball'. Therefore, the similarity map cannot correctly highlight a non-existent object."
33,ball,False,False,"The RGB image is blurry but does not contain any object identifiable as a 'ball'. Despite the absence of the object, the similarity map shows large areas of high similarity (yellow), particularly on the right side, which is incorrect as no 'ball' is present in the scene."
34,ball,False,False,"The RGB image does not contain any object that can be identified as a 'ball'. Therefore, the similarity map cannot correctly highlight a non-existent object. The bright areas in the similarity map do not correspond to a 'ball' in the scene."
35,ball,False,False,"The RGB image does not contain any object that can be identified as a 'ball'. Therefore, the similarity map cannot correctly highlight the object's location, as the object is not present in the scene."
36,ball,False,False,"The RGB image does not contain any object that can be identified as a 'ball'. Despite the absence of the object, the similarity map shows areas of high similarity (yellow), which is incorrect as there is no 'ball' to highlight."
37,ball,False,False,"The RGB image does not contain a 'ball'. The small dark circular object on the ceiling appears to be a sensor or camera, not a ball. Therefore, the object is not present. The similarity map, however, shows many yellow/bright areas indicating high similarity to 'ball' across the scene, which is incorrect given the absence of the object."
38,ball,False,False,"The RGB image does not contain any object identifiable as a 'ball'. The semantic similarity map, however, shows high similarity (yellow areas) across a large portion of the image, incorrectly indicating the presence of a 'ball' where none exists."
39,ball,False,False,"The RGB image does not contain any object identifiable as a 'ball'. Therefore, the object is not present. The similarity map, however, shows significant areas of moderate to high similarity (green and yellow), implying the presence of a 'ball' or features similar to it, which is incorrect given the RGB image."
40,ball,False,False,"The RGB image does not contain any object identifiable as a 'ball'. The similarity map, however, shows areas of high similarity (yellow) across the image, which is incorrect given the absence of the target object."
41,ball,False,False,"The RGB image does not contain any object that can be identified as a 'ball'. Therefore, the object is not present, and the similarity map cannot be correct in highlighting it."
42,ball,False,False,"The RGB image does not contain any object identifiable as a 'ball'. Therefore, the object is not present. Since the object is not present, the similarity map cannot correctly highlight its location."
43,ball,False,False,"The RGB image does not show any object that can be identified as a 'ball'. Therefore, the object is not present. Since the object is not present, the similarity map should ideally show low similarity (purple/dark areas) everywhere. However, the map displays significant areas of medium to high similarity (green and yellow), which is incorrect given the absence of the object."
44,ball,False,False,"The RGB image shows a room with a tiled floor and walls, but no 'ball' is present in the scene. The similarity map incorrectly shows a high similarity area (yellow) in the bottom-left corner, implying the presence of a ball where there is none."
45,ball,False,False,"The RGB image does not show any object that can be identified as a 'ball'. Therefore, the object is not present. The similarity map shows varying levels of similarity, with some areas indicating medium to high similarity (green/yellow), but since there is no 'ball' in the scene, any indication of similarity is incorrect."
46,ball,False,False,"The RGB image does not contain any object that can be identified as a 'ball'. Since the object is not present, the similarity map should ideally show low similarity (purple/dark areas) uniformly across the scene. However, the provided map shows mostly green and yellowish-green areas, indicating moderate to somewhat high similarity, which is incorrect for an absent object."
47,ball,False,False,"The RGB image does not contain any object that can be identified as a 'ball'. The similarity map, despite the absence of the object, shows areas of medium to high similarity (green to yellowish-green), which is incorrect as there is no 'ball' to highlight."
48,ball,False,False,"The RGB image does not contain a 'ball'. Therefore, the similarity map cannot correctly highlight the object, and any indication of similarity would be incorrect."
49,ball,False,True,"The RGB image does not contain any object identifiable as a 'ball'. The similarity map correctly reflects this by showing predominantly low to moderate similarity (greens and blue-greens) across the entire scene, with no high similarity (yellow) areas."
50,ball,False,False,"The RGB image does not contain any object that can be identified as a 'ball'. Since the object is not present, a correct similarity map should ideally show low similarity (purple/dark areas) across the entire scene. However, the provided similarity map shows mostly green and some yellowish-green areas, indicating moderate to somewhat high similarity, which is incorrect given the absence of the object."
51,ball,False,False,"The RGB image does not contain any object that can be identified as a 'ball'. Therefore, the similarity map cannot correctly highlight a non-existent object. The map shows areas of high similarity (yellow) despite the absence of a ball, indicating it is incorrect."
52,ball,False,False,"The RGB image does not contain any object identifiable as a 'ball'. Therefore, the similarity map cannot be correct in highlighting a non-existent object. The map shows varying levels of similarity, including some yellowish-green areas, which would be incorrect if no ball is present."
53,ball,False,False,"The RGB image does not contain any object that can be identified as a 'ball'. The semantic similarity map, however, shows areas of high similarity (yellow) in various parts of the image, which is incorrect given the absence of the target object."
54,ball,False,False,"The RGB image does not contain any object that can be identified as a 'ball'. The similarity map, however, shows high similarity (yellow/bright areas) across a large portion of the image, which is incorrect given the absence of the target object."
55,ball,False,False,"The RGB image shows a room with a ceiling and walls, but no 'ball' is visible anywhere in the scene. The similarity map, however, displays large areas of yellow/bright colors, indicating high similarity to a 'ball', which is incorrect given the absence of the object in the RGB image."
56,ball,False,False,"The RGB image does not contain any object that can be identified as a 'ball'. The similarity map, however, shows significant areas of high similarity (yellow) for the object 'ball', which is incorrect as the object is not present in the scene."
57,ball,False,False,"The RGB image does not contain any object identifiable as a 'ball'. Therefore, the similarity map cannot correctly highlight a 'ball' as it is not present in the scene."
58,ball,False,False,"The RGB image does not contain any object that can be identified as a 'ball'. Therefore, the object is not present. The similarity map is incorrect because it shows significant yellow/bright areas, indicating high similarity for 'ball' in certain regions, even though no ball is present in the scene."
59,ball,False,False,"The RGB image does not contain any object identifiable as a 'ball'. However, the similarity map shows significant areas of high similarity (yellow), which is incorrect as no 'ball' is present in the scene."
60,ball,False,False,"The RGB image does not clearly show a 'ball'. There is a small dark spot on the floor, but it is not identifiable as a ball. Despite the absence of the object, the similarity map displays several yellow/bright areas indicating high similarity for 'ball', which is incorrect."
61,ball,True,False,"A small, dark, round object resembling a ball is present on the dark floor in the RGB image, located towards the bottom-right. However, the similarity map does not correctly highlight this object with high similarity (yellow) in its specific location. The map shows distributed high similarity values, but not a focused highlight on the ball."
62,ball,True,True,"A small, dark, spherical object, which can be interpreted as a 'ball', is visible on the dark floor in the bottom right corner of the RGB image. The semantic similarity map correctly highlights this exact location with a bright yellow area, indicating high similarity to the object 'ball'."
63,ball,True,False,"A small, round object resembling a ball is visible on the floor in the bottom-right corner of the RGB image. However, the similarity map shows broad, scattered areas of high similarity across a large portion of the scene, rather than a precise and localized highlight at the actual position of the small ball."
64,ball,False,False,"The RGB image does not contain any object identifiable as a 'ball'. Therefore, the object is not present. The similarity map shows several areas of high similarity (yellow), which is incorrect since no 'ball' is in the scene."
65,ball,False,False,"The RGB image does not contain any object identifiable as a 'ball'. The similarity map, however, shows areas of moderate to high similarity (green and yellow) across the scene, which is incorrect given the absence of the target object."
66,ball,False,False,"The RGB image does not contain any object that can be identified as a 'ball'. Despite the absence of the object, the similarity map shows several areas with high similarity (yellow), which is incorrect."
67,ball,False,False,"The RGB image is very blurry and no object resembling a 'ball' can be identified. Since the object is not present, the similarity map cannot correctly highlight it."
68,ball,False,False,"The RGB image does not contain any object identifiable as a 'ball'. However, the semantic voxel similarity map shows significant areas of high similarity (yellow), which is incorrect given the absence of the target object."
69,ball,False,False,"The RGB image does not contain a 'ball'. Therefore, the object is not present. The similarity map shows several areas of high similarity (yellow/bright), which is incorrect since there is no 'ball' in the scene."
70,ball,False,False,"The RGB image does not contain any object that can be identified as a 'ball'. Therefore, the object is not present, and the similarity map cannot be correct in highlighting it. The map shows areas of high similarity (yellow), which are incorrect given the absence of a ball in the scene."
71,ball,False,False,"The RGB image does not contain any object that can be identified as a 'ball'. Therefore, the similarity map cannot correctly highlight a non-existent object, and any high similarity areas shown are incorrect."
72,ball,False,False,"The RGB image does not contain any object that can be identified as a 'ball'. Therefore, the similarity map cannot correctly highlight a 'ball', and any areas of high similarity in the map are incorrect as there is no corresponding object."
73,ball,False,False,"The RGB image does not contain a 'ball'. However, the semantic similarity map shows several areas of high similarity (yellow), which incorrectly indicates the presence of a 'ball' or features resembling one."
74,ball,False,False,"The RGB image does not contain any object identifiable as a 'ball'. Therefore, the similarity map cannot correctly highlight a 'ball' as it is not present in the scene."
75,ball,False,False,"The RGB image does not contain any object that can be identified as a 'ball'. Since the object is not present, the similarity map cannot correctly highlight its location."
76,ball,False,False,"The RGB image does not contain any object that can be identified as a 'ball'. The similarity map, however, shows areas of high similarity (yellow/bright) across various parts of the scene, which is incorrect since the object is not present."
77,ball,False,False,"The RGB image does not contain any object that can be identified as a 'ball'. The similarity map, however, shows areas of high similarity (yellow) in the central-right portion, which do not correspond to any object in the scene that is a 'ball'. A correct map for a non-present object should ideally show low similarity across the entire scene."
78,ball,False,False,"The RGB image does not contain any object identifiable as a 'ball'. The similarity map shows areas of high similarity (yellow/bright green) throughout the scene, which is incorrect as no 'ball' is present to be highlighted."
79,ball,False,False,"The RGB image does not contain any object that can be identified as a 'ball'. Despite the absence of the object, the semantic similarity map shows several areas of high similarity (yellow), which are incorrect as there is no 'ball' to highlight."
0,door,True,True,"A door, partially frosted glass, is clearly visible on the right side of the RGB image. The semantic similarity map correctly highlights this door with high similarity (yellow areas) in the corresponding location."
1,door,False,False,"The RGB image shows an office or conference room with a large screen, a table, chairs, and a glass partition on the right. There is no visible door in the scene. Therefore, the object 'door' is not present, and the similarity map cannot be correct in highlighting a non-existent object."
2,door,True,True,"A door, which appears to be a glass office door with a frosted lower section, is visible on the right side of the RGB image. The similarity map correctly shows high similarity (brighter yellow/green areas) in the corresponding location on the right side of the map, indicating the presence and location of the door."
3,door,False,False,"The RGB image does not clearly show a 'door'. The scene depicts an office space with a table, chairs, and a TV. Since the object 'door' is not present, the similarity map cannot correctly highlight its location."
4,door,True,False,"A door is visible on the right side of the RGB image, partially obscured by a chair. However, the semantic similarity map for 'door' does not correctly highlight this area with high similarity (yellow/bright colors). The region where the door is located shows low to medium similarity (dark green/purple)."
5,door,False,True,"The RGB image does not show a 'door'. The semantic similarity map correctly reflects this by showing predominantly low similarity (purple/dark areas) across the entire scene for the object 'door', with no high similarity (yellow/bright areas) indicating its presence."
6,door,False,True,"The RGB image does not show a 'door'. The white rectangular object on the left appears to be a whiteboard or a fixed wall panel, not a door. The similarity map correctly reflects the absence of a door by showing predominantly low similarity (purple/dark green) values across the entire scene."
7,door,False,True,"The RGB image does not show a door. The white rectangular object on the left appears to be a wall or a large whiteboard, not a door. The similarity map correctly reflects the absence of a door by showing predominantly low similarity (purple/dark areas) throughout the image, with no significant high similarity (yellow) regions."
8,door,False,False,"The RGB image does not show a 'door'. Consequently, the similarity map cannot correctly highlight a door. Furthermore, the map shows areas of medium to high similarity (greenish-yellow), which is incorrect given the absence of a door in the scene."
9,door,False,True,"The RGB image does not show a 'door'. The similarity map correctly reflects the absence of a door by showing predominantly low similarity (purple/dark areas) throughout the scene, with no high similarity (yellow) regions."
10,door,False,True,"The RGB image does not contain a discernible 'door'. The semantic similarity map correctly reflects this by showing predominantly low similarity (green/purple areas) across the entire scene, with no bright yellow areas indicating the presence of a door."
11,door,False,False,"The RGB image does not contain a 'door'. The semantic similarity map, therefore, cannot correctly highlight a door. While the map shows varying levels of similarity, with some brighter areas, these do not correspond to any door in the scene, making the map incorrect for the given object."
12,door,True,True,A door (a light brown panel) is visible in the bottom right of the RGB image. The similarity map correctly highlights this area with high similarity (yellow).
13,door,True,True,"A brown door is clearly visible in the bottom right portion of the RGB image. The similarity map correctly highlights this door with a large yellow area, indicating high similarity."
14,door,True,True,"A wooden door is clearly visible in the RGB image on the right side of the frame. The similarity map correctly highlights this door with a large yellow area, indicating high similarity, while the surrounding areas (ceiling, walls, glass panel) show low similarity (purple/dark green)."
15,door,True,True,"A wooden door is clearly visible in the RGB image. The similarity map correctly highlights the location and shape of this door with high similarity (yellow areas), while other parts of the scene show low similarity."
16,door,True,True,A wooden door is clearly visible in the RGB image. The semantic similarity map correctly highlights the location of this door with high similarity (yellow areas).
17,door,True,True,"A wooden door is clearly visible on the right side of the RGB image. The semantic similarity map correctly highlights this door with bright yellow (high similarity) in the corresponding location, while other areas show low similarity."
18,door,True,True,"A door is clearly visible on the right side of the RGB image. The similarity map correctly highlights this area with high similarity (yellow), while other objects like the desk, chair, and floor show low similarity (purple/dark green)."
19,door,False,False,"The RGB image does not contain a discernible 'door'. The similarity map incorrectly shows high similarity (yellow areas) on the right side of the image, corresponding to a wall or partition, where no door is present."
20,door,False,False,"The RGB image does not show a 'door'. While the similarity map is mostly dark (low similarity), there are distinct yellow/bright green areas, particularly on the right side, which incorrectly indicate high similarity for 'door' where no such object is present in the scene."
21,door,False,False,"The RGB image does not clearly depict a 'door'. The frosted glass partition on the right side of the image appears to be a fixed wall or window, not an operable door. Therefore, the object 'door' is not present."
22,door,False,True,"The RGB image does not show a 'door'. The similarity map correctly reflects this by showing predominantly low similarity (purple/dark areas) across the scene, indicating no 'door' is detected."
23,door,False,True,"The RGB image does not show a 'door'. The similarity map correctly reflects this by showing low similarity (darker, purplish-green areas) across the entire scene, with no bright yellow areas indicating the presence of a door."
24,door,False,False,"The RGB image does not show a 'door'. The similarity map, despite the absence of a door, displays areas of moderate to high similarity (lighter green/yellow), which is incorrect as no door is present in the scene."
25,door,False,False,"The RGB image does not show a 'door'. The scene depicts an office corner with a whiteboard and a chair, but no door is visible. Therefore, the similarity map cannot correctly highlight a non-existent object."
26,door,False,True,"The RGB image does not show any 'door'. The similarity map correctly reflects this by showing low to moderate similarity (mostly purple and green tones) across the entire scene, with no bright yellow areas indicating a 'door'."
27,door,False,False,"The RGB image does not clearly show a 'door'. The brown panel on the right side is ambiguous and lacks typical door features like a handle or hinges. Since the object is not present, the similarity map cannot correctly highlight its location."
28,door,True,True,"A door, partially obscured by a glass panel, is visible on the right side of the RGB image. The similarity map correctly highlights this area with bright yellow/green, indicating high similarity to 'door'."
29,door,True,False,"A door is clearly visible in the RGB image in the upper-left quadrant, behind the table. However, the similarity map shows low similarity (purple/dark blue) in this area. The high similarity (yellow/bright green) areas in the map are primarily located on the right side of the image, corresponding to the frosted glass partition or the wall/window area, not the actual door."
30,door,False,False,"The RGB image does not show a 'door'. The scene depicts an office space with a table, chairs, a monitor, and a window. Since no door is present, the similarity map should ideally show low similarity (dark/purple) throughout. However, the map shows areas of high similarity (yellow/bright) on the right side, which is incorrect given the absence of the object."
31,door,True,True,"A wooden door with a handle is clearly visible on the right side of the RGB image. The similarity map correctly highlights this area with high similarity (yellow), indicating the presence and location of the door."
32,door,True,True,"A door is clearly visible on the right side of the RGB image. The semantic similarity map correctly highlights this area with high similarity (yellow), indicating the presence and location of the door."
33,door,True,True,"A wooden door is clearly visible on the right side of the RGB image. The semantic similarity map accurately highlights this door with high similarity (yellow areas) in the correct location, while other areas show low similarity."
34,door,True,True,"A wooden door is clearly visible in the RGB image on the right side. The similarity map correctly highlights this door with a bright yellow area, indicating high similarity, while other parts of the scene show low similarity."
35,door,True,True,"A wooden door is clearly visible in the RGB image on the left side. The similarity map correctly highlights this door with a bright yellow area, indicating high similarity at its location."
36,door,True,True,"A door is clearly visible on the left side of the RGB image. The similarity map correctly highlights this area with high similarity (yellow), indicating the presence and location of the door."
37,door,False,True,"The RGB image does not show a 'door'. The similarity map correctly shows low to moderate similarity (predominantly green/teal, no bright yellow areas), indicating the absence of the object 'door' in the scene."
38,door,False,True,The RGB image does not show a 'door'. The scene primarily depicts a ceiling with acoustic tiles and the upper part of a wall. The similarity map correctly reflects the absence of a door by not showing any high similarity (yellow/bright) areas.
39,door,False,False,"The RGB image does not show a 'door'. Therefore, the object is not present in the scene. Consequently, the similarity map cannot correctly highlight the object's location."
40,door,False,False,"The RGB image does not show a 'door'. The scene depicts an indoor corner with two white walls or panels. Since no door is present, the similarity map cannot correctly highlight it. The map shows varying levels of similarity but no distinct bright yellow region that would correspond to a door."
41,door,False,False,"The RGB image does not show a 'door'. Therefore, the object is not present. Since the object is not present, the similarity map cannot be correct in highlighting its location. The map also shows areas of moderate to high similarity (green/yellow) where no door exists, which is incorrect."
42,door,False,True,"The RGB image shows a room corner with whiteboards and a power outlet, but no door is visible. The similarity map correctly shows low to moderate similarity (green/teal colors) across the entire scene, with no bright yellow areas indicating a 'door'. Therefore, the map accurately reflects the absence of a door."
43,door,False,False,"No 'door' is visible in the RGB image. Therefore, the similarity map cannot correctly highlight the location of a 'door' with high similarity, as there is no door to highlight. The map itself does not show any areas of high similarity (yellow)."
44,door,False,True,"The RGB image shows a corner of a room with a tiled floor and white walls, but no door is visible. The similarity map correctly reflects the absence of a door by showing predominantly low similarity (dark/purple/green areas) across the entire scene, with no high similarity (yellow) regions."
45,door,False,False,"The RGB image does not show a 'door'. The scene depicts a corner of a room with a floor and walls, but no door is visible. Therefore, the similarity map cannot correctly highlight a door, and it does not show any significant high similarity (yellow) areas that would correspond to a door."
46,door,False,True,The RGB image does not show a 'door'. The similarity map correctly indicates the absence of a 'door' by not displaying any high similarity (yellow) regions.
47,door,False,True,The RGB image does not show a 'door'. The semantic similarity map correctly reflects this by not showing any high similarity (yellow/bright areas) for a 'door' anywhere in the scene.
48,door,False,False,"The RGB image does not contain a 'door'. Therefore, the object is not present. Since the object is not present, the similarity map cannot correctly highlight its location. Ideally, a correct map for an absent object would show consistently low similarity (purple/dark) across the entire image, but this map shows varying shades of green/teal, indicating intermediate similarity."
49,door,False,True,"The RGB image does not contain a 'door'. The similarity map correctly reflects this by showing low similarity (green/purple, no yellow) across the entire map, indicating no 'door' is detected."
50,door,False,True,"The RGB image 'RGB Frame 50' does not show a 'door'. The semantic voxel similarity map for 'door' correctly shows no high similarity (yellow areas) anywhere in the scene, which is appropriate given the object's absence."
51,door,False,True,"The RGB image shows a corner of a room with whiteboards and a wall outlet, but no door is visible. The similarity map for 'door' correctly shows low to moderate similarity (greenish-blue to green tones) across the entire scene, with no bright yellow areas indicating the presence of a door. This is consistent with the object's absence."
52,door,True,False,"A door is clearly visible on the left side of the RGB image. However, the similarity map shows low similarity (dark blue/purple) in the area corresponding to the door, and higher similarity (green/yellow) in the area corresponding to the wall, indicating the map is incorrect for the object 'door'."
53,door,False,True,"The RGB image shows an interior corner of a room with two white panels, likely whiteboards or wall sections. There is no 'door' visible in the scene. The similarity map correctly reflects this by showing low to moderate similarity (green/purple areas) throughout, with no high similarity (yellow) areas indicating the presence of a door."
54,door,False,False,"The RGB image does not show a 'door'. Therefore, the object is not present in the scene. Consequently, the similarity map cannot correctly highlight the location of a 'door'."
55,door,False,True,"The RGB image does not show a 'door'. The similarity map correctly reflects this by showing low to medium similarity values (greens, blues, and purples) across the entire scene, without any high similarity (yellow) regions that would indicate the presence of a door."
56,door,False,True,"The RGB image does not clearly show a 'door'; it primarily depicts a ceiling and a plain wall. The similarity map correctly reflects the absence of a door by showing low to medium similarity values (greens and teals) across the entire scene, with no areas highlighted in yellow (high similarity) for a 'door'."
57,door,False,False,"The RGB image does not contain a 'door'. Therefore, the similarity map cannot correctly highlight the object's location."
58,door,True,True,"A door is clearly visible on the left side of the RGB image. The similarity map correctly highlights this area with high similarity (yellow), while the rest of the scene shows low similarity."
59,door,True,True,"A light brown wooden door is clearly visible on the left side of the RGB image. The similarity map correctly highlights this area with bright yellow, indicating high similarity to 'door'."
60,door,True,True,"A light brown door is clearly visible on the left side of the RGB image. The semantic similarity map correctly highlights this area with high similarity (yellow), indicating the presence and location of the door."
61,door,True,True,"A wooden door with a handle is clearly visible on the left side of the RGB image. The similarity map correctly highlights this area with high similarity (yellow), while the rest of the scene (wall, floor, chair) shows low similarity (purple/green)."
62,door,True,True,The RGB image clearly shows a wooden door on the left side of the scene. The semantic voxel similarity map correctly highlights this door with high similarity (yellow areas) in the corresponding location.
63,door,True,True,"A wooden door with a handle is clearly visible in the upper-middle left of the RGB image. The similarity map correctly highlights this area with bright yellow, indicating high similarity to the 'door' concept."
64,door,True,True,"A wooden door with a handle is clearly visible on the left side of the RGB image. The semantic similarity map correctly highlights this door area with high similarity (yellow/bright colors), while the surrounding wall and floor areas show low similarity (purple/darker colors)."
65,door,True,True,"The RGB image clearly shows a wooden door occupying the left and central part of the frame. The semantic similarity map correctly highlights this entire door area with high similarity (yellow), while the adjacent wall and background areas show low similarity (purple)."
66,door,True,True,"A door is clearly visible in the RGB image, occupying the central and left-hand side of the frame. The similarity map correctly highlights this area with bright yellow, indicating high similarity to the 'door' concept."
67,door,True,False,"A door (a glass door leading to another room) is present on the left side of the RGB image. However, the similarity map incorrectly shows high similarity (yellow areas) on the right side, corresponding to the wooden wall panel, rather than highlighting the actual door on the left."
68,door,True,True,The RGB image clearly shows a door with a frosted glass panel on the right side. The similarity map correctly highlights this entire door area with high similarity (yellow).
69,door,True,True,"A door, partially frosted glass, is clearly visible on the right side of the RGB image. The similarity map correctly highlights this area with yellow/bright green, indicating high similarity to 'door', while other objects like the trash can and chair show lower similarity (purple/dark green)."
70,door,True,False,"A door, characterized by a frosted glass panel with a white frame, is present on the right side of the RGB image. However, the semantic similarity map does not correctly highlight this area with high similarity (yellow); instead, it shows low similarity (purple/dark green) across the entire image."
71,door,True,False,"A door, or at least a door frame with a translucent panel, is visible on the far right side of the RGB image. However, the similarity map does not highlight this area with high similarity (yellow); instead, it shows low to medium similarity (green/purple tones) across the entire image."
72,door,True,False,"A door frame and a partially visible door are present on the far right side of the RGB image. However, the similarity map for 'door' does not highlight this area with high similarity (yellow); instead, it shows low to medium similarity (green/purple) in that region."
73,door,True,True,"A door, appearing as a frosted glass panel with a white frame, is visible on the right side of the RGB image. The similarity map correctly highlights this area with high similarity (yellow), indicating the presence and location of the door."
74,door,True,False,"A door is partially visible on the far right side of the RGB image. However, the similarity map does not highlight this area with high similarity (yellow/bright colors). The map shows mostly low to medium similarity (purple/green tones) across the entire scene, failing to correctly identify the door's location."
75,door,False,True,"The RGB image does not contain a 'door'. The similarity map correctly reflects this by showing predominantly low similarity (dark/purple colors) across the entire map, with no high similarity (yellow) areas falsely highlighting a door."
76,door,False,True,"The RGB image does not show any visible 'door'. The similarity map correctly reflects this by showing predominantly low similarity (purple/dark green) across the entire scene, with no high similarity (yellow) areas that would indicate a door."
77,door,False,True,"The RGB image does not show a 'door'. The similarity map correctly indicates low similarity (predominantly dark/purple colors) across the entire scene, which is appropriate given the absence of the object."
78,door,False,True,"The RGB image does not contain a 'door'. The semantic similarity map for 'door' correctly shows low to medium similarity values across the scene (purple/green), with no high similarity (yellow) areas, thus accurately reflecting the absence of a door."
79,door,False,False,"The RGB image does not show a 'door' panel. There is a doorway or door frame visible on the far right, but no actual door. The similarity map, however, shows areas of medium to high similarity (lighter green/yellowish) on the right side, corresponding to the doorway. Since no door is present, these highlighted areas indicate an incorrect mapping."
0,floor,True,False,"The 'floor' is clearly present in the RGB image, visible in the lower portion of the scene. However, the semantic voxel similarity map shows predominantly low similarity (dark purple) in the region corresponding to the floor, indicating that it does not correctly identify the floor."
1,floor,True,True,"A floor is clearly visible at the bottom of the RGB image, beneath the table and chairs. The similarity map correctly highlights this area with bright yellow, indicating high similarity to 'floor', while other objects like the table, TV, and walls show low similarity (purple)."
2,floor,True,True,"A 'floor' is clearly visible in the RGB image, occupying the lower portion of the scene. The similarity map correctly highlights this area with bright yellow and green colors, indicating high similarity to 'floor', while other objects like the table, chairs, and walls show lower similarity (purple/darker colors)."
3,floor,True,True,"A 'floor' is clearly visible in the RGB image, occupying the bottom portion of the scene. The similarity map correctly highlights this area with bright yellow/green colors, indicating high similarity for the 'floor' object."
4,floor,True,True,"A floor is clearly visible in the lower portion of the RGB image. The similarity map correctly highlights this area with bright yellow, indicating high similarity to 'floor', while other objects like the wall, table, and chairs show low similarity (darker colors)."
5,floor,True,True,"A floor is clearly visible at the bottom of the RGB image. The similarity map correctly highlights this area with yellow/bright green, indicating high similarity to 'floor'."
6,floor,True,True,"The RGB image clearly shows a floor at the bottom of the frame. The similarity map correctly highlights this bottom region with yellow/bright green areas, indicating high similarity to 'floor'."
7,floor,False,False,"The RGB image does not show any part of the 'floor'. The camera appears to be pointed upwards, capturing the ceiling and walls, but the floor is out of frame. Therefore, the object 'floor' is not present in the scene depicted by the RGB image, and the map cannot correctly highlight it."
8,floor,False,True,"The RGB image shows a view of a room, primarily focusing on the ceiling and upper parts of the walls, including a whiteboard. The 'floor' is not visible in this frame. The similarity map correctly reflects this by showing low similarity (dark/purple areas) across the entire image, indicating the absence of the floor."
9,floor,False,True,"The RGB image does not show a 'floor'; the camera appears to be pointed upwards, capturing the ceiling and a wall. The semantic similarity map correctly reflects this by showing predominantly low similarity (purple/dark areas) across the entire map, indicating the absence of the 'floor'."
10,floor,False,True,"The RGB image primarily shows a ceiling and a wall, with no visible floor. The similarity map correctly reflects this by showing very low similarity (dark/purple areas) across the entire scene for the object 'floor'."
11,floor,False,True,"The RGB image shows a view looking upwards towards a ceiling, with walls and a window visible. The 'floor' is not visible in this frame. The similarity map correctly shows low similarity (dark/purple colors) throughout, indicating the absence of the 'floor' object."
12,floor,False,True,"The RGB image is primarily focused on the ceiling and upper walls, with no visible 'floor' in the scene. The similarity map correctly reflects this by showing low similarity (dark purple/green areas) across the entire map, indicating the absence of a 'floor'."
13,floor,False,True,"The RGB image primarily shows the ceiling, upper walls, a door, and a window, but no part of the floor is visible. The similarity map correctly reflects this by showing low similarity (dark/purple colors) across the entire scene, indicating the absence of the 'floor' object."
14,floor,False,True,"The RGB image does not show any part of the floor; the view is focused on the walls, door, window, and ceiling. Consequently, the similarity map correctly shows low similarity (predominantly purple and green, with no bright yellow areas) for 'floor' across the entire scene, as the object is not visible."
15,floor,True,True,"The RGB image clearly shows a floor at the bottom of the scene. The semantic voxel similarity map correctly highlights this floor area with high similarity (yellow/bright green voxels) and shows low similarity (purple/dark blue voxels) for the walls, door, and ceiling."
16,floor,True,True,"A 'floor' is clearly visible in the RGB image, occupying the lower portion of the scene. The similarity map correctly highlights this area with high similarity (yellow), while other objects like walls, the door, and the chair are shown with low similarity (purple)."
17,floor,True,True,"A 'floor' is clearly visible in the RGB image, occupying the lower and central portion of the scene. The semantic similarity map correctly highlights this area with bright yellow, indicating high similarity to 'floor', while other objects like the chair, table, wall, and door are shown with lower similarity (darker colors)."
18,floor,True,True,"The RGB image clearly shows a floor occupying the lower and central portion of the scene. The similarity map accurately highlights this entire area with high similarity (yellow), correctly identifying the floor's location."
19,floor,True,True,"The RGB image clearly shows a dark tiled floor occupying the lower portion of the scene. The semantic similarity map correctly highlights this entire floor area with high similarity (yellow), while showing low similarity (purple) for other objects like the table and chairs."
20,floor,True,True,"A floor is clearly visible in the RGB image, occupying the lower portion of the scene. The similarity map correctly highlights this area with high similarity (yellow/bright colors), indicating a strong match for 'floor'."
21,floor,True,True,"The RGB image clearly shows a floor beneath the table and chairs. The similarity map correctly highlights the bottom portion of the scene, corresponding to the floor, with yellow/bright areas indicating high similarity."
22,floor,True,True,"The RGB image clearly shows a floor, which is the dark grey carpeted surface at the bottom of the frame. The similarity map correctly highlights this entire area with high similarity (yellow), indicating that the 'floor' object is accurately detected and localized."
23,floor,True,True,"A 'floor' is clearly visible in the RGB image, occupying the bottom and bottom-left portion of the scene. The similarity map correctly highlights this area with bright yellow, indicating high similarity to 'floor'."
24,floor,True,True,"The RGB image clearly shows a dark grey tiled floor covering the bottom portion of the scene. The similarity map correctly highlights this entire floor area with bright yellow, indicating high similarity to 'floor'."
25,floor,True,True,"A floor is clearly visible in the RGB image, occupying the lower portion of the scene. The similarity map correctly highlights this area with bright yellow, indicating high similarity to 'floor', while the walls and whiteboard show low similarity (purple)."
26,floor,True,True,"The RGB image clearly shows a dark grey floor covering the bottom portion of the scene. The similarity map correctly highlights this area with bright yellow/green, indicating high similarity to 'floor', while other objects like the desk, chair, and walls show lower similarity."
27,floor,True,True,"The RGB image clearly shows a floor at the bottom of the scene. The similarity map correctly highlights this area with high similarity (yellow/bright colors), indicating a strong match for 'floor'. Areas corresponding to the wall, table, and TV show low similarity (purple/dark colors), which is also correct."
28,floor,True,False,"A floor is clearly present in the RGB image, visible beneath the table and chairs. However, the similarity map for 'floor' does not highlight this area with high similarity (yellow/bright colors); instead, it shows low to medium similarity (purple/dark green) where the floor should be."
29,floor,True,True,"The RGB image clearly shows a floor at the bottom of the scene, beneath the table and chairs. The similarity map correctly highlights this area, particularly the bottom right and central portions, with yellow and bright green indicating high similarity to 'floor'."
30,floor,True,True,"A 'floor' is clearly visible in the RGB image, occupying the lower portion of the scene. The similarity map correctly highlights this area with high similarity (yellow/bright colors), indicating the presence and location of the floor."
31,floor,True,True,"The RGB image clearly shows a floor in the lower portion of the scene. The semantic similarity map for 'floor' correctly highlights this area with high similarity (yellow/bright regions), indicating a correct identification of the floor's location."
32,floor,True,True,"A 'floor' is clearly visible in the RGB image, particularly in the bottom right corner and extending towards the door. The similarity map correctly highlights this area with high similarity (yellow/bright green voxels), indicating the presence and location of the floor."
33,floor,True,True,"A floor is clearly visible at the bottom of the RGB image. The semantic similarity map correctly highlights this area with bright yellow, indicating high similarity to the 'floor' object. Other objects in the scene show low similarity (purple/darker green)."
34,floor,True,True,"The RGB image clearly shows a floor surface at the bottom of the frame. The semantic similarity map correctly highlights this area with high similarity (yellow/bright green), indicating the presence and location of the 'floor'."
35,floor,False,True,"The RGB image primarily shows a ceiling, a wall, a door, and a window. The 'floor' is not visible in the frame. The similarity map correctly shows low similarity (darker colors) across the entire image, indicating that no 'floor' is detected, which aligns with its absence in the RGB photo."
36,floor,False,True,"The RGB image is pointed upwards, showing the ceiling, walls, and a door, but the floor is not visible in the frame. The similarity map correctly shows low similarity (predominantly green/purple tones) across the entire image, indicating the absence of the 'floor' object."
37,floor,False,True,"The RGB image displays a ceiling with light fixtures and a wall, but no floor is visible in the frame. The similarity map correctly reflects this by showing low similarity (dark/purple areas) across the entire image, indicating the absence of a 'floor'."
38,floor,False,True,"The RGB image shows a ceiling, walls, and a whiteboard, but no 'floor' is visible in the frame. The similarity map correctly reflects this by showing predominantly low similarity (dark purple/greenish areas) across the entire image, indicating the absence of the 'floor' object."
39,floor,False,True,"The RGB image displays a ceiling with grid tiles, walls, and two whiteboards. There is no visible 'floor' in the scene. The similarity map correctly reflects this by showing low similarity (predominantly purple/dark green areas) across the entire frame, indicating the absence of the object."
40,floor,False,True,"The RGB image primarily shows walls and a ceiling, with the bottom portion of the scene, where a 'floor' would typically be, not visible within the frame. The similarity map correctly reflects this by showing predominantly low similarity (dark purple/green areas) across the entire image, indicating the absence of the 'floor'."
41,floor,True,True,The RGB image clearly shows a floor at the bottom of the scene. The similarity map correctly highlights the floor area with yellow (high similarity) and shows low similarity (purple) for the walls and whiteboards.
42,floor,True,True,"The RGB image clearly shows a dark-colored floor at the bottom of the scene. The similarity map correctly highlights this area with high similarity (yellow), while the walls and other non-floor areas show low similarity (purple)."
43,floor,True,True,"A floor is clearly visible in the RGB image, occupying the lower portion of the frame. The similarity map correctly highlights this area with high similarity (yellow), while the walls and other elements show lower similarity (green/purple)."
44,floor,True,True,"The RGB image clearly depicts a floor covered with dark grey tiles. The semantic similarity map correctly highlights the entire area corresponding to the floor in the RGB image with high similarity (yellow), indicating an accurate detection of the 'floor' object."
45,floor,True,True,"The RGB image clearly shows a floor, which is the dark gray tiled surface covering the bottom and middle of the frame. The similarity map correctly highlights this area with yellow (high similarity) values, indicating that the 'floor' object is accurately identified and localized."
46,floor,True,True,"The RGB image clearly shows a floor, which is the dark tiled surface at the bottom. The semantic voxel similarity map correctly highlights this area with high similarity (yellow), while the walls above are shown with low similarity (purple)."
47,floor,True,True,"The RGB image clearly shows a dark, tiled floor at the bottom of the scene. The similarity map correctly highlights this area with high similarity (yellow), while the walls and other background elements show low similarity (purple)."
48,floor,True,True,"The RGB image clearly shows a floor, which is the dark carpeted area at the bottom. The similarity map correctly highlights this entire floor area with high similarity (yellow), while showing low similarity (purple/dark green) for the walls and other objects in the upper parts of the image."
49,floor,True,True,"The RGB image clearly shows a floor, which is the dark carpeted area at the bottom. The similarity map correctly highlights this area with bright yellow, indicating high similarity to 'floor', while the walls are shown with lower similarity (purple/green)."
50,floor,True,True,"A floor, covered with dark carpet, is clearly visible in the bottom portion of the RGB image. The similarity map correctly highlights this area with high similarity (yellow), indicating the presence and location of the floor."
51,floor,True,True,"The RGB image clearly shows a floor at the bottom of the frame, where the two walls meet. The similarity map correctly highlights this area with high similarity (yellow), indicating the presence and location of the 'floor'."
52,floor,False,True,"The RGB image shows a wall or a corner of a room, but a distinct 'floor' surface is not clearly visible or discernible. The semantic similarity map correctly reflects this by showing predominantly low to medium similarity (purple to green/teal areas) for 'floor' across the entire image, with no areas of high (yellow) similarity."
53,floor,False,True,"The RGB image shows a corner of a room, primarily depicting walls and a ceiling corner. The 'floor' is not visible in this frame. The similarity map correctly shows very low similarity (dark purple/green areas) across the entire visible scene, indicating that no 'floor' is present or highlighted."
54,floor,False,True,"The RGB image shows an interior corner with walls and a ceiling, but the floor is not visible in the frame. The similarity map correctly reflects this by showing predominantly low similarity (dark/purple colors) across the entire image, indicating the absence of a 'floor'."
55,floor,False,True,"The RGB image displays a view of a ceiling and walls, with no visible 'floor'. The similarity map correctly reflects this by showing predominantly low similarity (purple/dark areas) across the entire map, indicating the absence of the 'floor' object."
56,floor,False,True,"The RGB image shows a ceiling and the upper part of a wall, with no 'floor' visible in the scene. The similarity map for 'floor' correctly reflects this by showing predominantly low similarity (dark purple/blue/green colors) across the entire image, with no high similarity (yellow) areas."
57,floor,False,True,"The RGB image does not show a 'floor'; it primarily depicts a ceiling and a wall. The similarity map correctly reflects this by showing low similarity (dark/purple areas) across the entire image, indicating the absence of the 'floor'."
58,floor,False,False,"The RGB image shows the upper part of a room, including a wall, ceiling, door, and whiteboard. The 'floor' is not visible in the provided RGB frame. Therefore, the similarity map cannot correctly highlight an object that is not present in the visual field."
59,floor,True,True,"A dark-colored floor is clearly visible at the bottom of the RGB image. The similarity map correctly highlights this area with high similarity (yellow/bright green), indicating the presence and location of the floor."
60,floor,True,True,"A 'floor' is clearly visible in the RGB image, occupying the lower half of the frame. The similarity map correctly highlights this area with bright yellow, indicating high similarity to 'floor', while other areas like the walls are shown with low similarity (purple)."
61,floor,True,True,"The RGB image clearly shows a floor as the dark, flat surface at the bottom of the scene. The similarity map correctly highlights this area with high similarity (yellow), indicating that the 'floor' object is accurately detected and localized."
62,floor,True,True,"A floor is clearly visible in the RGB image, occupying the bottom portion of the frame. The semantic similarity map correctly highlights this area with bright yellow colors, indicating high similarity to 'floor', while other objects like the wall and door show low similarity."
63,floor,True,True,"A 'floor' is clearly present in the RGB image, occupying the lower half of the scene. The similarity map correctly highlights this area with bright yellow/green values, indicating high similarity to 'floor'. Areas corresponding to the door and wall show lower similarity (darker colors)."
64,floor,True,True,"A floor is clearly visible in the RGB image, occupying the lower portion of the frame. The similarity map correctly highlights this area with bright yellow, indicating high similarity to 'floor', while other areas like the door and wall show lower similarity (purple/darker colors)."
65,floor,False,False,"The RGB image primarily shows a wooden door and a wall. The bottom portion of the image, where a floor would typically be visible, is either cropped out or the camera angle is such that no discernible floor surface is present within the frame. Since the 'floor' object is not present in the RGB image, the similarity map cannot correctly highlight its location."
66,floor,False,True,"The RGB image does not show any visible floor; the view is primarily of a door and walls. The similarity map correctly reflects this by showing low similarity (dark/purple colors) across the entire image, indicating the absence of a 'floor'."
67,floor,False,False,"The RGB image does not show any part of a 'floor'. The camera appears to be pointed towards a wall, ceiling, and a door/window, capturing the upper portion of a room. Since the 'floor' is not present in the RGB image, the similarity map cannot correctly highlight its location."
68,floor,True,False,"A floor is present in the RGB image, visible at the bottom of the frame. However, the similarity map shows low similarity (dark purple/teal colors) in the area corresponding to the floor, rather than high similarity (yellow/bright colors)."
69,floor,True,True,"A floor is clearly visible at the bottom of the RGB image, under the chair and trash can. The similarity map correctly highlights this area with bright yellow, indicating high similarity to 'floor'."
70,floor,True,True,"A floor is clearly visible in the RGB image, occupying the lower portion of the scene. The similarity map correctly highlights this area with yellow (high similarity) values, indicating an accurate detection of the 'floor'."
71,floor,True,True,"A 'floor' is clearly visible in the RGB image, occupying the lower portion of the scene. The similarity map correctly highlights this area with bright yellow (high similarity), indicating that the map accurately identifies the floor's location."
72,floor,True,True,"A floor is clearly visible in the RGB image, occupying the lower portion of the scene. The semantic similarity map correctly highlights this area with bright yellow, indicating high similarity to 'floor'."
73,floor,True,True,"A 'floor' is clearly present in the RGB image, occupying the bottom half of the frame. The similarity map correctly highlights this area with yellow/bright colors, indicating high similarity to 'floor', while other objects like the chair, trash can, and wall are shown with lower similarity (purple/darker colors)."
74,floor,True,True,"A dark, carpeted floor is clearly visible in the bottom half of the RGB image. The similarity map correctly highlights this area with yellow and bright green colors, indicating high similarity to 'floor', while other objects like the chair, trash can, and wall are shown with lower similarity (purple/darker colors)."
75,floor,True,True,"The RGB image clearly shows a floor at the bottom of the scene. The similarity map correctly highlights this area with bright yellow, indicating high similarity for 'floor', while other objects like the desk, chair, and wall show low similarity (purple/green)."
76,floor,True,True,"The RGB image clearly shows a floor beneath the table and chairs. The similarity map correctly highlights the floor area with high similarity (yellow) in the lower-left portion, corresponding to its location in the RGB image, while other objects show low similarity."
77,floor,True,True,"The RGB image clearly shows a floor in the bottom half of the frame. The similarity map correctly highlights this area with high similarity (yellow), indicating the presence and location of the 'floor'."
78,floor,True,True,"The RGB image clearly shows a floor, which is a dark grey carpeted surface covering the bottom portion of the scene. The similarity map correctly highlights this area with high similarity (yellow/bright colors), indicating a strong match for 'floor'."
79,floor,True,True,"A 'floor' is clearly visible in the RGB image, occupying the lower portion of the scene. The similarity map correctly highlights this area with bright yellow, indicating high similarity to 'floor', while other objects like the desk, chair, and wall show low similarity (purple)."
0,painting,False,False,"The RGB image shows a large flat-screen television mounted on the wall, not a painting. The similarity map incorrectly highlights the area where the television is located with high similarity (yellow), suggesting it perceives the TV as a 'painting'."
1,painting,False,False,"The RGB image shows a large flat-screen television mounted on the wall, not a painting. Therefore, the object 'painting' is not present. The similarity map incorrectly shows high similarity (yellow areas) in the region where the television is located, implying it identifies the TV as a painting, which is incorrect."
2,painting,False,False,"The RGB image does not contain a 'painting'. The large black rectangle on the wall is a television, not a painting. Therefore, the object 'painting' is not present. The similarity map incorrectly shows areas of high similarity (yellow) for 'painting' where no such object exists in the scene."
3,painting,False,False,"The RGB image does not contain a 'painting'; there is a large TV screen mounted on the wall, not a painting. Therefore, the object is not present. The similarity map is incorrect because it shows areas of high similarity (yellow/bright green) for 'painting' even though no such object exists in the scene. If the object were truly absent, the map should ideally show low similarity (purple) throughout."
4,painting,False,False,"The RGB image does not contain a 'painting'. There is a large black screen, which is an electronic display, not a painting. Since the object is not present, the similarity map should ideally show low similarity everywhere. However, the map shows areas of high similarity (yellow/bright colors) in the upper portion, which is incorrect as no painting exists in the scene."
5,painting,False,False,"The RGB image does not contain a 'painting'. It shows a whiteboard, a wall, a large black screen (likely a TV/monitor), a chair, and a table. Since no painting is present, the similarity map should ideally show low similarity everywhere. However, the map displays significant areas of high similarity (yellow), particularly on the left side, which is incorrect as there is no painting to highlight."
6,painting,False,False,"The RGB image does not contain a 'painting'. There is a white board on the left and a TV screen on the right, neither of which are paintings. The similarity map incorrectly shows high similarity (yellow areas) on the left side, corresponding to the white board, suggesting a painting is present when it is not."
7,painting,False,False,"The RGB image does not contain a 'painting'. There is a whiteboard on the left and a large black screen (likely a TV or monitor) on the right, but no artwork or painting. Despite the absence of the object, the similarity map shows significant areas of high similarity (yellow), indicating an incorrect prediction."
8,painting,False,False,"The RGB image shows a plain room with walls, a ceiling, and a light fixture. There is no object identifiable as a 'painting' present in the scene. The similarity map, however, shows several areas of high similarity (yellow), which is incorrect given the absence of the target object."
9,painting,False,False,"The RGB image does not show any object that can be identified as a 'painting'. The scene primarily depicts a ceiling with lights and a plain wall. Since no 'painting' is present, the similarity map is incorrect for showing areas of high similarity (yellow/bright green) in various parts of the image, as a correct map would show low similarity everywhere."
10,painting,False,False,"The RGB image does not contain a 'painting'. The dark rectangular object on the wall appears to be a television or monitor, not a painting. Since no painting is present, the similarity map should ideally show low similarity everywhere. However, the map shows areas of high similarity (yellow) towards the bottom center, which is incorrect as there is no painting to highlight."
11,painting,False,True,"The RGB image does not contain any object that can be identified as a 'painting'. The semantic similarity map correctly reflects this by showing predominantly low similarity (purple/dark green areas) across the entire scene, indicating the absence of a 'painting'. While there are a few very small, scattered brighter spots, they do not form a coherent region that would suggest the presence of a painting."
12,painting,False,True,"The RGB image does not contain any object that can be identified as a 'painting'. The semantic similarity map for 'painting' correctly reflects this by not showing any areas of high similarity (bright yellow) that would falsely indicate the presence of a painting. The map displays mostly low to medium similarity values, which is appropriate given the absence of the target object."
13,painting,False,False,"The RGB image does not contain any object that can be identified as a 'painting'. Since no painting is present, the similarity map should ideally show low similarity (dark purple) across the entire image. However, the map displays areas of medium to high similarity (yellow-green) in various regions, particularly towards the bottom, which is incorrect."
14,painting,False,False,"The RGB image does not contain any object that can be identified as a 'painting'. Despite the absence of the object, the similarity map shows several bright yellow areas, indicating high similarity to 'painting' in various parts of the scene, which is incorrect."
15,painting,False,False,"The RGB image does not contain any object that can be identified as a 'painting'. The scene shows a door, a frosted window, and a white wall with what appears to be a whiteboard. Since no painting is present, a correct similarity map should show low similarity (purple/dark) across the entire scene. However, the provided similarity map shows various areas of high similarity (yellow/bright), which incorrectly suggests the presence or high similarity to a 'painting' in locations where none exists."
16,painting,False,False,"The RGB image does not contain a 'painting'. The scene shows an office environment with a desk, chair, door, and a whiteboard, but no artwork or painting. Therefore, the object is not present. The similarity map shows areas of high similarity (yellow), which are incorrect since there is no painting in the scene to highlight."
17,painting,False,False,"The RGB image does not contain any object that can be identified as a 'painting'. Therefore, the similarity map is incorrect as it shows areas of high similarity (yellow) in the upper left and upper right, despite the absence of the target object."
18,painting,False,False,"The RGB image does not contain any object identifiable as a 'painting'. The similarity map, however, shows significant areas of yellow/bright green, indicating high similarity to 'painting', which is incorrect given the absence of the object in the scene."
19,painting,False,False,"The RGB image shows an office setting with a table and chairs, but no 'painting' is visible. The similarity map, however, shows areas of medium to high similarity (green to yellowish tones) in the upper right portion, which is incorrect as no painting is present in the scene."
20,painting,False,False,"The RGB image does not contain a 'painting'. The large black rectangle on the wall appears to be a flat-screen TV or monitor, not a painting. Since no painting is present, the similarity map cannot correctly highlight its location. The map also shows some areas of higher similarity (yellow/bright green), which would be incorrect if they were interpreted as a painting."
21,painting,False,True,"The RGB image does not contain any object that can be identified as a 'painting'. The large screen is a television, not a painting. The similarity map correctly reflects the absence of a 'painting' by showing predominantly low similarity (purple/dark green areas) across the scene, with no significant yellow/bright areas indicating high similarity for a 'painting'."
22,painting,False,False,"The RGB image does not contain any object that can be identified as a 'painting'. The similarity map, however, shows several areas with high similarity (yellow/bright colors), which is incorrect given the absence of the object."
23,painting,False,True,"The RGB image does not contain any object that can be identified as a 'painting'. The semantic similarity map correctly reflects this by showing predominantly low similarity (dark purple/green areas) across the entire scene, indicating the absence of the target object."
24,painting,False,False,"The RGB image shows an office environment with a wall, floor, and part of a desk and chair. There is no 'painting' visible in the scene. The similarity map, however, shows areas of high similarity (yellow) on the left side, which is incorrect as no painting is present."
25,painting,False,False,"The RGB image shows an office corner with a whiteboard and an office chair. There is no 'painting' visible in the scene. However, the similarity map shows large areas of high similarity (yellow), particularly on the left side, which incorrectly suggests the presence of a painting."
26,painting,False,False,"The RGB image does not contain any object that can be identified as a 'painting'. The scene depicts an office environment with a desk, chair, monitor, and a white wall/board. Since no painting is present, the similarity map cannot correctly highlight it. Although the map shows some areas of higher similarity (yellow), these do not correspond to an actual painting in the scene."
27,painting,False,False,"The RGB image does not contain a 'painting'. Instead, there is a large flat-screen TV mounted on the wall. The similarity map incorrectly shows high similarity (yellow areas) in the region where the TV is located, suggesting it is misclassifying the TV as a 'painting'."
28,painting,False,False,"The RGB image does not contain a 'painting'. Instead, there is a large flat-screen television mounted on the wall. The similarity map incorrectly shows high similarity (yellow area) in the location where the television is present, suggesting it misidentifies the TV as a painting."
29,painting,False,False,"The RGB image does not contain a 'painting'. The large black rectangle on the wall appears to be a television or monitor, not a painting. Since no 'painting' is present, the similarity map should ideally show low similarity (purple) throughout. However, the map displays significant areas of high similarity (yellow/bright green), which is incorrect given the absence of the object."
30,painting,False,False,"The RGB image does not contain any object that can be identified as a 'painting'. Therefore, the similarity map cannot correctly highlight its location."
31,painting,False,False,"The RGB image does not contain any object that can be identified as a 'painting'. The similarity map, however, shows areas of high similarity (yellow/bright green) in the upper left and upper right regions, which incorrectly suggest the presence of a 'painting' where none exists in the scene."
32,painting,False,False,"The RGB image does not contain any object identifiable as a 'painting'. The semantic similarity map, however, shows areas of high similarity (yellow/bright green), which is incorrect given the absence of the target object."
33,painting,False,False,"The RGB image does not contain an object identifiable as a 'painting'. Therefore, the similarity map cannot correctly highlight a painting's location."
34,painting,False,False,"The RGB image does not contain any object that can be identified as a 'painting'. The scene shows an office environment with a door and plain walls, but no artwork. Therefore, the similarity map cannot correctly highlight a non-existent object."
35,painting,False,False,"The RGB image does not contain any object that can be identified as a 'painting'. The similarity map, however, shows several areas of high similarity (yellow), which is incorrect as no painting is present in the scene."
36,painting,False,False,"The RGB image does not contain any object identifiable as a 'painting'. The scene depicts an office-like room with a door, a whiteboard, and ceiling lights. Despite the absence of a painting, the similarity map shows significant areas of high similarity (yellow), indicating an incorrect prediction for the object 'painting'."
37,painting,False,False,"The RGB image shows a ceiling and a plain wall, with no 'painting' visible. However, the similarity map incorrectly shows areas of high similarity (yellow/bright green) in the bottom right, suggesting the presence of a 'painting' where none exists."
38,painting,False,False,"The RGB image shows a room with a ceiling and walls, including what appears to be a whiteboard or screen. There is no object identifiable as a 'painting' present in the scene. The similarity map, however, shows areas of high similarity (yellow/bright green) towards the bottom and right, incorrectly indicating the presence of a 'painting' where none exists."
39,painting,False,False,"The RGB image does not contain any object identifiable as a 'painting'; it shows two whiteboards on the walls. The similarity map, however, incorrectly shows high similarity (yellow areas) in the regions corresponding to these whiteboards, suggesting the presence of a painting where there is none."
40,painting,False,False,"The RGB image shows a corner of a room with two large white panels or boards, but no 'painting' is visible. The similarity map, however, incorrectly shows large areas of high similarity (yellow) for 'painting' across the image, despite the object's absence."
41,painting,False,False,"The RGB image shows a room with two whiteboards, but no 'painting' is present. The similarity map, however, incorrectly shows high similarity (yellow areas) across large portions of the image, particularly where the whiteboards are located, suggesting the presence of a 'painting' when there is none."
42,painting,False,False,"The RGB image does not contain a 'painting'. It shows two whiteboards, which are not considered paintings. The similarity map incorrectly shows high similarity (yellow areas) across large portions of the image, including where the whiteboards and walls are located, despite no painting being present."
43,painting,False,False,"The RGB image does not contain any object identifiable as a 'painting'. The scene shows a plain room with walls, a floor, an electrical outlet, and what appears to be a whiteboard in the upper right. Since no painting is present, the similarity map is incorrect in showing any high similarity areas for 'painting'."
44,painting,False,True,"The RGB image shows an empty room with a tiled floor and white walls; there is no 'painting' visible. The similarity map correctly does not show any high similarity (yellow/bright) areas that would indicate the presence of a painting. The map displays mostly low to moderate similarity (purples, blues, and greens), which is appropriate given the absence of the object."
45,painting,False,False,"The RGB image does not contain any object that can be identified as a 'painting'. The similarity map incorrectly shows a high similarity area (yellow) in the top right corner, suggesting the presence of a painting where none exists in the RGB image."
46,painting,False,False,"The RGB image does not contain any object identifiable as a 'painting'. The scene shows a room with a wall, floor, an electrical outlet, and parts of what appears to be a whiteboard. Despite the absence of a painting, the similarity map shows significant yellow/bright areas, particularly in the top right and scattered across the top, indicating high similarity to 'painting', which is incorrect."
47,painting,False,False,"The RGB image does not contain a 'painting'. It shows a room corner with white walls, a dark floor, an electrical outlet, and a whiteboard. The similarity map, however, shows areas of medium to high similarity (green and yellow), particularly in the upper right, which is incorrect as no painting is present in the scene."
48,painting,False,False,The RGB image does not contain any object that can be identified as a 'painting'. The similarity map is incorrect because it shows areas of high similarity (yellow/green) despite the absence of the target object.
49,painting,False,True,"The RGB image does not contain any object that can be identified as a 'painting'. The similarity map correctly shows low to moderate similarity across the entire scene, with no high similarity (yellow) areas, indicating that no 'painting' is detected."
50,painting,False,False,"The RGB image does not contain any object that can be identified as a 'painting'. The walls feature what appear to be whiteboards or blank panels, not artwork. Since no 'painting' is present, the similarity map should ideally show low similarity (dark/purple) across the entire image. However, the map displays several areas of high similarity (yellow/bright green), which is incorrect given the absence of the object."
51,painting,False,False,"The RGB image does not contain a 'painting'. It shows whiteboards, a wall, an electrical outlet, and a sticky note. Since no 'painting' is present, the similarity map should ideally show low similarity everywhere. However, the map displays significant areas of high similarity (yellow), which are incorrect as they do not correspond to any 'painting' in the scene."
52,painting,False,False,"The RGB image does not show any object that can be identified as a 'painting'. The scene appears to be a plain wall or surface. Since no painting is present, the similarity map should ideally show low similarity (dark/purple areas) across the entire image. However, the provided map shows large areas of high similarity (yellow/bright green), which is incorrect given the absence of the target object."
53,painting,False,False,"The RGB image shows two large white rectangular panels on the walls, which appear to be whiteboards or blank panels, not 'paintings'. Since no painting is present, the similarity map should ideally show low similarity everywhere (dark/purple). However, the map displays significant areas of high similarity (yellow/bright), particularly on the right side and bottom left, incorrectly suggesting the presence of a painting."
54,painting,False,False,"The RGB image shows an empty corner of a room with two whiteboards, but no 'painting' is present. Therefore, the similarity map should ideally show low similarity (purple/dark) across the entire image. However, the map displays significant areas of green and yellow, indicating higher similarity, which is incorrect given the absence of the object."
55,painting,False,False,"The RGB image does not contain any 'painting'. The similarity map, however, shows areas of high similarity (yellow/bright) in the bottom corners and some greenish-yellow in the center, which is incorrect as no painting is present in the scene."
56,painting,False,False,"The RGB image shows a ceiling and a plain wall, with no 'painting' visible. The similarity map, however, shows areas of higher similarity (yellow/bright green) in the bottom region, which do not correspond to any painting in the scene. Therefore, the object is not present, and the map incorrectly indicates similarity where no object exists."
57,painting,False,False,"The RGB image does not contain any object that can be identified as a 'painting'. Despite the absence of the object, the similarity map shows areas of high similarity (yellow) in the bottom right, which incorrectly suggests the presence of a 'painting' in that region."
58,painting,False,False,"The RGB image does not contain a 'painting'. The image shows a white board on the right, a wall, and a door. Since no 'painting' is present, a correct similarity map should show low similarity (purple) across the entire image. However, the provided similarity map shows areas of high similarity (yellow/bright green), indicating an incorrect detection or highlighting where no painting exists."
59,painting,False,False,The RGB image does not contain a 'painting'; it shows a whiteboard and a wall. The similarity map incorrectly shows areas of high similarity (yellow) for 'painting' despite the object's absence.
60,painting,False,False,"The RGB image does not contain any object identifiable as a 'painting'. There is a whiteboard on the wall, but it is not a painting. The similarity map, however, shows areas of high similarity (yellow) in the upper left and upper right, which is incorrect as no painting is present."
61,painting,False,False,"The RGB image does not contain a 'painting'. It shows a door, a wall, a chair, and a whiteboard. Since no painting is present, the similarity map should ideally show low similarity everywhere. However, the map displays areas of high similarity (yellow), which are incorrect given the absence of the object."
62,painting,False,False,"The RGB image does not contain any object that can be identified as a 'painting'. The scene depicts a hallway with a door, a plain wall, and a light switch. Despite the absence of a painting, the semantic voxel similarity map shows areas of high similarity (yellow) in the upper-middle and right-middle sections, which is incorrect as there is no painting in those locations or anywhere else in the scene."
63,painting,False,False,"The RGB image does not contain any object that can be identified as a 'painting'. Despite the absence of the object, the similarity map shows several areas with high similarity (yellow/bright colors) to 'painting', which is incorrect."
64,painting,False,False,"The RGB image shows a room with a door and a plain wall, but no object that can be identified as a 'painting'. Therefore, the object is not present. The similarity map, however, shows areas of high similarity (yellow) for 'painting', which is incorrect as there is no painting in the scene."
65,painting,False,False,"The RGB image shows a wooden door and a plain wall, with no painting visible. The similarity map is incorrect because it displays several yellow/bright areas, indicating high similarity to 'painting', even though no such object is present in the scene."
66,painting,False,False,"The RGB image shows a plain wall, a wooden door, and a window. There is no 'painting' visible in the scene. The similarity map, however, shows several areas with high similarity (yellow/bright green), which is incorrect as no painting is present."
67,painting,False,False,"The RGB image does not contain any object that can be identified as a 'painting'. The large brown rectangular surface on the right appears to be a plain panel or board, not a painting. Since the object is not present, the similarity map cannot correctly highlight it."
68,painting,False,False,"The RGB image does not contain any object identifiable as a 'painting'. The scene shows an office hallway with a wall, a trash can, and a frosted glass door. Since no painting is present, a correct similarity map should show low similarity (purple/dark) everywhere. However, the provided similarity map shows significant areas of medium to high similarity (green and yellow), indicating an incorrect prediction."
69,painting,False,False,"The RGB image does not contain any object identifiable as a 'painting'. Therefore, the object is not present. Since the object is not present, the similarity map cannot be correct in highlighting its location. The map shows varying levels of similarity, but no distinct area corresponds to a painting because there isn't one."
70,painting,False,False,"The RGB image does not show any object that can be identified as a 'painting'. Therefore, the object is not present in the scene. Since the object is not present, the similarity map cannot correctly highlight its location."
71,painting,False,False,"The RGB image does not contain any object that can be identified as a 'painting'. The scene shows an office environment with a desk, chair, and trash can. Since no painting is present, the similarity map should ideally show low similarity (dark/purple) everywhere. However, the map displays areas with moderate to high similarity (yellowish-green), which incorrectly suggests the presence or features of a painting."
72,painting,False,False,"The RGB image does not contain any object that can be identified as a 'painting'. The similarity map shows varying levels of similarity across the scene, including some areas with moderate to high similarity (green/yellow), which is incorrect as no 'painting' is present. A correct map for an absent object should ideally show uniformly low similarity (purple) everywhere."
73,painting,False,False,"The RGB image does not contain any object identifiable as a 'painting'. The similarity map is incorrect because it displays varying levels of similarity, including areas of moderate to high similarity (green/yellow), when the object 'painting' is absent from the scene. A correct map for an absent object should show uniformly low similarity."
74,painting,False,False,"The RGB image does not contain any object identifiable as a 'painting'. The similarity map, however, shows areas of high similarity (yellow/bright green), which incorrectly suggests the presence of a painting in those locations."
75,painting,False,True,"The RGB image does not contain any object that can be identified as a 'painting'. The similarity map correctly does not highlight any area with high similarity (yellow) for a 'painting', thus it is correct in not indicating the presence of the object."
76,painting,False,False,"The RGB image does not contain any object that can be identified as a 'painting'. The large black screen on the wall is a television, not a painting. Despite the absence of the object, the similarity map shows areas of high similarity (yellow/bright green), which is incorrect."
77,painting,False,False,"The RGB image does not contain any object that can be identified as a 'painting'. Therefore, the object is not present. The similarity map shows scattered yellow/bright areas, indicating high similarity for 'painting' in certain regions, which is incorrect as no painting is present in the scene."
78,painting,False,False,"No object identifiable as a 'painting' is present in the RGB image. The scene depicts an office/meeting room with a table, chairs, and a large screen, but no art. Since the object is not present, the map cannot correctly highlight it. Furthermore, the similarity map shows areas of medium-high similarity (yellowish-green) in various parts of the scene, which are incorrect as nothing in the scene is a painting."
79,painting,False,True,"The RGB image shows an office scene with a desk, chair, trash can, and a wall-mounted TV screen. There is no 'painting' visible in the scene. The similarity map correctly shows low similarity (predominantly purple and green hues, no strong yellow highlights) across the entire image, indicating the absence of a 'painting'."
0,sofa,False,False,"The RGB image does not contain a 'sofa'. The semantic similarity map, however, shows areas of high similarity (yellow/bright regions), which incorrectly suggests the presence of a sofa or features highly similar to a sofa in those locations."
1,sofa,False,False,"The RGB image displays a meeting room with a table, chairs, and a large screen, but no sofa is present. The similarity map, however, shows several bright yellow areas indicating high similarity to 'sofa', which is incorrect given the absence of the object in the scene."
2,sofa,False,False,"The RGB image does not contain a 'sofa'. The scene depicts a meeting room with a table, chairs, and a TV. Despite the absence of a sofa, the similarity map shows several areas with high similarity (yellow), which is incorrect as no sofa is present."
3,sofa,False,False,"The RGB image does not contain a 'sofa'; it shows an office-like setting with a table and chairs. The similarity map, however, displays areas of medium to high similarity (green and yellow regions), which incorrectly suggests the presence or features related to a 'sofa' in the scene."
4,sofa,False,False,"The RGB image shows an office room with a table, chairs, and a TV, but no sofa is present. The similarity map, however, shows several bright yellow areas indicating high similarity to 'sofa' in locations where no such object exists, making the map incorrect."
5,sofa,False,False,"The RGB image does not contain a sofa. The similarity map, however, shows areas of high similarity (yellow) despite the absence of the target object, indicating an incorrect mapping."
6,sofa,False,False,"The RGB image does not show a sofa. The similarity map, however, displays several yellow/bright areas indicating high similarity, which is incorrect as no sofa is present in the scene."
7,sofa,False,False,"The RGB image does not contain a 'sofa'. The scene appears to be an office or conference room with a whiteboard and a wall-mounted screen. The similarity map, however, shows areas of high similarity (yellow) in the bottom right, which is incorrect as no sofa is present in that location or anywhere else in the image."
8,sofa,False,False,"The RGB image shows a room with walls and a ceiling, possibly an office or classroom, but there is no 'sofa' visible in the scene. Therefore, the object is not present, and the similarity map cannot be correct in highlighting it."
9,sofa,False,False,"The RGB image shows a ceiling and a wall, but no sofa is present in the scene. The similarity map, however, shows some areas with yellow/bright green colors, indicating high similarity, which is incorrect given the absence of a sofa."
10,sofa,False,False,"The RGB image displays a ceiling with lights and a wall, but no 'sofa' is visible in the scene. Therefore, the object is not present. The similarity map shows areas of high similarity (yellow/bright colors), which is incorrect as there is no sofa to highlight."
11,sofa,False,True,"The RGB image does not contain a 'sofa'. The similarity map correctly reflects the absence of the object by showing predominantly low similarity (purple/darker areas) across the scene, indicating that no 'sofa' is detected."
12,sofa,False,False,"The RGB image shows a ceiling with lights, a wall, and a doorway/window into another room. There is no sofa visible in the scene. The similarity map, however, shows some areas with yellowish/bright green hues, indicating a moderate to high similarity score for 'sofa' in certain regions, which is incorrect given the object's absence."
13,sofa,False,True,"The RGB image does not show a 'sofa'. The scene depicts an office-like environment with a ceiling, walls, a door, and a window looking into another room with chairs, but no sofa. The similarity map correctly reflects the absence of a sofa by showing predominantly low similarity (darker purple/green areas) throughout the scene, with no bright yellow areas indicating a sofa."
14,sofa,False,False,"The RGB image displays an office-like environment with a door, window, and walls, but no 'sofa' is visible. Since the object is not present, the similarity map cannot be correct in highlighting its location. The map predominantly shows low to medium similarity (green/purple tones), which is consistent with the absence of a sofa."
15,sofa,False,False,The RGB image does not contain a 'sofa'. The similarity map is incorrect because it shows areas of high similarity (yellow) despite the absence of the target object.
16,sofa,False,False,"The RGB image does not contain a sofa; it appears to be an office or classroom setting with a desk, chair, and door. However, the similarity map shows significant yellow/bright green areas, indicating high similarity to 'sofa' in the lower and right-middle portions of the map, which is incorrect as no sofa is present."
17,sofa,False,False,"The RGB image does not contain a 'sofa'. The similarity map, however, shows large areas of high similarity (yellow/bright green), which is incorrect given the absence of the object."
18,sofa,False,False,"The RGB image shows an office environment with a desk and an office chair, but no sofa is present. Therefore, the object 'sofa' is not in the scene. A correct similarity map for an absent object should show low similarity (dark/purple) everywhere. However, the provided similarity map shows significant areas of high similarity (yellow), which is incorrect given the absence of a sofa."
19,sofa,False,False,"The RGB image displays an office setting with a table and chairs, but no sofa is present. The similarity map, however, shows many yellow/bright areas indicating high similarity, which is incorrect as there is no sofa in the scene."
20,sofa,False,False,"The RGB image does not contain a 'sofa'; it shows a meeting room with a table and chairs. The similarity map, however, displays numerous yellow/bright areas, indicating high similarity for 'sofa' in various regions, which is incorrect given the absence of the object."
21,sofa,False,False,"The RGB image does not contain a 'sofa'; it shows an office or meeting room with a table, chairs, and a TV. The similarity map is incorrect because it displays numerous yellow/bright areas indicating high similarity, even though the object 'sofa' is absent from the scene. A correct map for an absent object should show low similarity (purple/dark) throughout."
22,sofa,False,False,"The RGB image displays a meeting room with a table and chairs, but no sofa is present. The similarity map, however, shows several areas of high similarity (yellow), which is incorrect since the target object 'sofa' is not in the scene."
23,sofa,False,False,"The RGB image does not contain a sofa. The similarity map shows areas of high similarity (yellow/bright) despite the absence of the object, indicating an incorrect mapping."
24,sofa,False,False,"The RGB image displays an office setting with a desk and an office chair, but no sofa is visible in the scene. Therefore, the similarity map cannot correctly highlight a sofa."
25,sofa,False,False,"The RGB image shows an office setting with a whiteboard and an office chair, but no sofa is present. However, the semantic similarity map incorrectly displays areas of high similarity (yellow) for 'sofa', even though the object is absent from the scene."
26,sofa,False,False,"The RGB image does not contain a 'sofa'. The scene shows an office environment with a desk and an office chair. Since the object is not present, the similarity map cannot be correct, especially as it displays areas of high similarity (yellow) in the bottom right, which do not correspond to a 'sofa' in the scene."
27,sofa,False,False,"The RGB image does not contain a sofa; it shows an office setting with a table, chairs, and a TV. Therefore, the object 'sofa' is not present. The similarity map, however, shows areas of high similarity (yellow) for 'sofa' in various parts of the scene, which is incorrect given the absence of the object."
28,sofa,False,False,"The RGB image does not contain a sofa; it shows an office-like setting with a TV, table, and chairs. The similarity map, however, shows areas of high similarity (yellow) for 'sofa', which is incorrect given the absence of the object in the scene."
29,sofa,False,False,"The RGB image shows an office or meeting room setting with a table, chairs, and a monitor. There is no sofa visible in the scene. The similarity map, however, shows several areas of high similarity (yellow), which is incorrect given the absence of the object."
30,sofa,False,False,"The RGB image does not contain a 'sofa'. The similarity map shows various areas of high similarity (yellow), which is incorrect given the absence of the object in the scene."
31,sofa,False,False,"The RGB image does not contain a sofa. The similarity map incorrectly shows high similarity (yellow areas) in several regions, despite the absence of the target object."
32,sofa,False,False,"The RGB image does not contain a 'sofa'. The scene depicts an office desk, chair, and monitor. Since the object is not present, the similarity map cannot correctly highlight its location. The map shows varying levels of similarity, which is incorrect as there should be uniformly low similarity for a non-existent object."
33,sofa,False,False,"The RGB image does not show a sofa. The similarity map, however, displays several yellow/bright areas indicating high similarity to a 'sofa', which is incorrect given the object's absence."
34,sofa,False,False,"The RGB image 'RGB Frame 34' does not show a sofa. The scene appears to be an office or hallway with a door and a glass partition. Since no sofa is present, the semantic voxel similarity map should ideally show low similarity (purple) throughout. However, the map displays several scattered areas of high similarity (yellow), which are incorrect given the absence of the object."
35,sofa,False,False,"The RGB image does not contain a 'sofa'. The scene shows an indoor hallway or office space with a door, a glass partition, and a ceiling. Since the object is not present, the similarity map cannot correctly highlight its location."
36,sofa,False,False,"The RGB image does not show a 'sofa'. The scene appears to be an office or classroom with a door, a whiteboard, and ceiling lights, but no sofa is visible. Therefore, the similarity map cannot correctly highlight a non-existent object."
37,sofa,False,False,"The RGB image shows a ceiling and an upper part of a wall, with no furniture or a 'sofa' visible. The similarity map, however, shows areas of high similarity (yellow/bright) which is incorrect given the absence of the object."
38,sofa,False,False,"The RGB image shows a room with a ceiling and walls, but no 'sofa' is present. Therefore, the object is not in the scene. The similarity map, however, displays areas of moderate to high similarity (yellow/bright green), which incorrectly suggests the presence of a 'sofa' or similar features in the scene."
39,sofa,False,True,"The RGB image shows a room corner with whiteboards and a ceiling, but no sofa is visible. The similarity map correctly reflects this by showing low to medium similarity (green/blue tones) across the entire scene, with no high similarity (yellow) areas that would indicate the presence of a sofa."
40,sofa,False,False,"The RGB image displays a corner of a room with two whiteboards, but no sofa or any other furniture is visible. Since the object 'sofa' is not present in the scene, the similarity map cannot correctly highlight its location."
41,sofa,False,True,"The RGB image shows a room with whiteboards and no 'sofa' is visible. The similarity map correctly reflects this by showing predominantly low to medium similarity (greens and purples) and no high similarity (yellow) areas, indicating the absence of a sofa."
42,sofa,False,False,"The RGB image displays an empty room with whiteboards and a dark floor; no sofa is present. Therefore, the similarity map cannot correctly highlight a sofa, and any areas of high similarity (yellow/bright green) are incorrect."
43,sofa,False,False,"The RGB image shows an empty room corner with white walls and dark floor tiles; no sofa is present. The similarity map incorrectly shows high similarity (yellow areas) for 'sofa' in multiple regions, despite the absence of the object."
44,sofa,False,False,"The RGB image shows an empty room corner with a tiled floor and white walls; no sofa is present. The similarity map, however, incorrectly displays areas of high similarity (yellow/bright green) for 'sofa' where no such object exists in the scene."
45,sofa,False,False,"The RGB image shows an empty room with no sofa present. However, the similarity map displays areas of high similarity (yellow) for 'sofa', which is incorrect given the absence of the object."
46,sofa,False,False,"The RGB image clearly shows a corner of a room with walls and a tiled floor, but no sofa is present. The similarity map, however, displays areas of medium to high similarity (green and yellow), which incorrectly suggests the presence of a sofa or parts of it."
47,sofa,False,False,"The RGB image shows an empty room corner with white walls and a dark tiled floor. There is no sofa present in the scene. Consequently, the similarity map for 'sofa' is incorrect because it displays areas with yellowish-green hues, indicating higher similarity values, where no sofa exists."
48,sofa,False,False,"The RGB image does not contain a 'sofa'. The similarity map, however, shows areas of moderate to high similarity (greenish-yellow), which is incorrect as no sofa is present in the scene. A correct map for a non-existent object should show low similarity (purple) everywhere."
49,sofa,False,False,"The RGB image shows a corner of a room with a wall and a carpeted floor, but no sofa is visible. The similarity map, however, displays high similarity (green/yellow areas) across a large portion of the scene, incorrectly suggesting the presence of a sofa."
50,sofa,False,True,The RGB image does not contain a sofa. The similarity map correctly reflects this by showing no high similarity (yellow) areas anywhere in the scene.
51,sofa,False,False,The RGB image does not contain a 'sofa'; it shows a corner of a room with whiteboards and a wall outlet. The similarity map is incorrect because it displays areas of moderate to high similarity (lighter green/yellowish tones) despite the absence of the object.
52,sofa,False,True,"The RGB image 'RGB Frame 52' does not show a sofa; it appears to be a plain wall or a door. The semantic voxel similarity map for 'sofa' correctly shows low to moderate similarity (greens and blues, no yellow/bright areas), indicating that a sofa is not present or not highly similar to any part of the scene."
53,sofa,False,True,"The RGB image shows a corner of a room with two white panels, but no sofa is visible. The similarity map correctly shows low to medium similarity (mostly green/teal colors) across the entire scene, indicating that a 'sofa' is not present and therefore not highlighted with high similarity (yellow)."
54,sofa,False,False,"The RGB image shows an empty room corner with walls and whiteboards; no sofa is present. Therefore, the object 'sofa' is not in the scene. The similarity map is incorrect because it displays varying levels of green and yellowish-green similarity across the scene, implying some sofa-like features are present, rather than uniformly low (purple) similarity which would be appropriate for a scene without a sofa."
55,sofa,False,True,"The RGB image shows a ceiling and walls, with no sofa present. The similarity map correctly reflects this by showing only low similarity values (greens and purples) and no high similarity (yellow) areas for the object 'sofa'."
56,sofa,False,True,"The RGB image shows a ceiling and a wall, but no sofa is visible. The similarity map correctly reflects this by showing low to medium similarity (greens and purples) across the entire frame, with no areas highlighted in yellow (high similarity) for a 'sofa'."
57,sofa,False,True,"The RGB image 'RGB Frame 57' does not contain a 'sofa'. It shows a ceiling and a wall. The 'Semantic Voxel Similarity' map correctly reflects the absence of a sofa by showing predominantly low to medium similarity (purple and green areas) across the entire scene, with no high similarity (yellow) regions."
58,sofa,False,True,"The RGB image shows an office or classroom setting with a door, a wall, and a whiteboard. There is no sofa visible in the scene. The similarity map correctly reflects this by not showing any areas of high similarity (bright yellow) for a 'sofa'."
59,sofa,False,False,"The RGB image does not contain a 'sofa'. However, the similarity map incorrectly shows areas of high similarity (yellow) in the bottom-left, suggesting a sofa is present, which contradicts the RGB image."
60,sofa,False,False,"The RGB image does not contain a 'sofa'. However, the semantic similarity map shows significant yellow/bright green areas, indicating high similarity to a 'sofa' in various parts of the scene, which is incorrect since no sofa is present."
61,sofa,False,False,"The RGB image does not contain a 'sofa'. The scene depicts an office environment with a door, a chair, and a whiteboard. Despite the absence of a sofa, the similarity map shows areas of high similarity (yellow) for 'sofa', which is incorrect."
62,sofa,False,False,"The RGB image does not contain a sofa. However, the similarity map shows significant yellow/bright areas, indicating high similarity to a 'sofa' in certain regions, which is incorrect given the absence of the object."
63,sofa,False,False,"The RGB image shows a hallway or office space with a door, a wall, and a dark floor. There is no 'sofa' visible in the scene. Therefore, the similarity map cannot correctly highlight a sofa."
64,sofa,False,False,"The RGB image shows a door, a wall, and a floor, but no 'sofa' is present in the scene. Therefore, the similarity map cannot correctly highlight the object, and any high similarity areas are false positives."
65,sofa,False,True,"The RGB image displays a wooden door and a plain wall, with no 'sofa' visible in the scene. The similarity map correctly reflects this by showing predominantly low to moderate similarity (darker purple/green hues) across the entire map, with no bright yellow areas indicating high similarity for a 'sofa'."
66,sofa,False,True,"The RGB image shows a wall, a door, and a window, but no sofa is visible in the scene. The similarity map correctly reflects this by showing predominantly low similarity (green/purple) across the entire image, with no high similarity (yellow) areas."
67,sofa,False,False,"The RGB image does not contain a sofa. The similarity map, however, shows areas of medium to high similarity (green/yellow) in various regions, which is incorrect as no sofa is present in the scene."
68,sofa,False,False,"The RGB image does not contain a 'sofa'. The scene depicts a trash can next to a frosted glass door in what appears to be an office or commercial setting. Since the object is not present, the similarity map cannot correctly highlight its location."
69,sofa,False,False,"The RGB image does not contain a 'sofa'. The scene shows an office environment with a desk, chair, and trash can. Since no sofa is present, a correct similarity map should show low similarity (purple/dark areas) throughout the entire scene. However, the provided similarity map shows significant areas of high similarity (yellow/bright), which is incorrect given the absence of the object."
70,sofa,False,False,"The RGB image does not contain a 'sofa'; it shows an office desk, chair, and a trash can. Therefore, the similarity map should ideally show low similarity (purple/dark areas) everywhere. However, the map displays several bright yellow areas, indicating high similarity, which is incorrect given the absence of the object."
71,sofa,False,True,"The RGB image shows an office environment with a desk, chair, and trash can, but no sofa is present. The similarity map for 'sofa' correctly does not highlight any area with high similarity (yellow), indicating the absence of the object."
72,sofa,False,False,"The RGB image displays an office setting with a desk, an office chair, and a trash can. There is no sofa visible in the scene. Therefore, the similarity map cannot correctly highlight a sofa."
73,sofa,False,False,"The RGB image shows an office chair, a trash can, and a wall/floor, but no sofa is present. The similarity map, however, displays several bright yellow/green areas, indicating high similarity to 'sofa' in locations where no such object exists. Therefore, the map is incorrect as it suggests the presence of a sofa when there is none."
74,sofa,False,False,"The RGB image does not contain a 'sofa'. The scene shows an office chair, a trash can, and a wall. Since the object is not present, the similarity map cannot correctly highlight its location."
75,sofa,False,False,"The RGB image does not contain a 'sofa'; it shows a desk, a chair, a TV, and a bin. Therefore, the object is not present. The similarity map is incorrect because it displays areas of high similarity (yellow/bright) despite the absence of a sofa in the scene. A correct map for a non-existent object should show uniformly low similarity (purple/dark)."
76,sofa,False,False,"The RGB image shows an office or meeting room with a table and chairs, but no sofa is present in the scene. Therefore, the similarity map cannot correctly highlight a sofa."
77,sofa,False,False,"The RGB image shows an office setting with chairs, a table, and a whiteboard, but no sofa is present. The similarity map, however, displays several yellow/bright areas, indicating high similarity to 'sofa' in locations where no such object exists, making the map incorrect."
78,sofa,False,False,"The RGB image shows an office setting with a table and chairs, but no sofa is present. Therefore, the similarity map should ideally show low similarity (purple/dark areas) throughout. However, the provided map displays significant areas of high similarity (yellow/bright), which is incorrect given the absence of the 'sofa' object."
79,sofa,False,False,"The RGB image does not contain a 'sofa'. It shows an office desk, chair, and a trash can. Since the object is not present, the similarity map should ideally show low similarity everywhere. However, the map displays various areas with high (yellow/bright green) similarity, which is incorrect as there is no sofa to highlight."
0,table,True,True,"A large conference table is clearly visible in the foreground of the RGB image. The semantic similarity map correctly highlights the area corresponding to this table with bright yellow (high similarity) and shows low similarity (purple/dark) for other objects like the TV, wall, and ceiling."
1,table,True,True,"A large table is clearly present in the foreground of the RGB image. The similarity map correctly highlights the table's location with bright yellow areas, indicating high similarity, while the surrounding areas (wall, TV, chairs) show low similarity (purple/darker areas)."
2,table,True,True,"A table is clearly present in the RGB image, positioned in the center foreground. The similarity map correctly highlights this table with bright yellow areas, indicating high similarity in its location."
3,table,True,True,"A table is clearly present in the RGB image, located in the center. The similarity map correctly highlights this central area with high similarity (yellow), indicating the presence and location of the table."
4,table,True,True,"A table is clearly visible in the RGB image, occupying the right-hand side. The similarity map correctly highlights this area with bright yellow, indicating high similarity to 'table'."
5,table,True,True,A table is clearly visible on the right side of the RGB image. The semantic voxel similarity map correctly highlights this table with high similarity (yellow areas) in the corresponding location.
6,table,True,True,"A table is clearly visible in the bottom right corner of the RGB image. The similarity map correctly highlights this area with high similarity (yellow/bright green), indicating the presence and location of the table."
7,table,False,False,"The RGB image does not clearly show a 'table'. The scene primarily depicts walls, a ceiling, and a dark rectangular object which appears to be a mounted screen, not a table. Since no table is present, the similarity map cannot correctly highlight it."
8,table,False,False,"The RGB image does not show a 'table' anywhere in the scene. Since the object is not present, the similarity map cannot correctly highlight its location, even though the map itself mostly shows low similarity, consistent with the object's absence."
9,table,False,True,"The RGB image shows a ceiling and an upper portion of a wall, with no 'table' visible in the scene. The similarity map correctly reflects this by showing very low similarity (dark purple/blue) across the entire map, indicating the absence of a 'table'."
10,table,False,True,"The RGB image does not contain a 'table'. The similarity map correctly reflects this by showing predominantly low similarity (purple/dark areas) across the scene, indicating no 'table' is detected."
11,table,False,True,"The RGB image does not show any object that can be identified as a 'table'. The scene primarily depicts a ceiling with lights, a wall, a large screen, and a window. Since no 'table' is present in the RGB image, the similarity map correctly shows very low similarity (dark purple/teal) across the entire scene, indicating the absence of a table."
12,table,False,True,"The RGB image shows a ceiling, walls, and a doorway, but no 'table' is visible in the scene. The similarity map correctly reflects this by showing predominantly low similarity (purple/dark areas) across the entire map, indicating the absence of a 'table'."
13,table,False,True,"The RGB image does not show any 'table'. The similarity map correctly reflects this by showing predominantly low similarity (dark/purple areas) across the entire scene, indicating the absence of a table."
14,table,False,True,"The RGB image does not show any object identifiable as a 'table'. The similarity map correctly reflects this by showing predominantly low similarity (dark purple/green areas) across the entire scene, with no high similarity (yellow) regions."
15,table,True,True,"A table is clearly visible in the bottom-left corner of the RGB image. The similarity map correctly highlights this area with high similarity (yellow), while the rest of the scene (door, wall, window) shows low similarity (purple/dark)."
16,table,True,True,"A table (specifically, a desk) is visible in the bottom-left portion of the RGB image. The semantic voxel similarity map correctly highlights this area with high similarity (yellow/bright colors), indicating the presence and location of the 'table'."
17,table,True,True,"A wooden table surface is clearly visible in the upper left portion of the RGB image. The similarity map correctly highlights this area with high similarity (yellow), while other areas like the floor, chair, and door show low similarity (purple/green)."
18,table,True,True,"A table (specifically, a desk surface) is clearly visible in the upper-left portion of the RGB image. The semantic similarity map correctly highlights this area with high similarity (yellow/bright colors), indicating the presence and location of the table."
19,table,True,True,"A large wooden table is clearly visible in the RGB image, occupying the upper-left and central portion. The similarity map correctly highlights this area with high similarity (yellow), indicating the presence and location of the 'table'."
20,table,True,True,"A table is clearly visible in the RGB image, occupying the central foreground. The similarity map accurately highlights this area with bright yellow (high similarity), corresponding to the table's location and approximate shape, while surrounding areas like the floor, chairs, and walls show lower similarity."
21,table,True,True,"A table is clearly present in the RGB image, occupying the central foreground. The similarity map correctly highlights this area with high similarity (yellow/bright green), indicating the presence and location of the table."
22,table,True,True,"A table is clearly visible in the center of the RGB image. The similarity map correctly highlights the table's surface and base with bright yellow areas, indicating high similarity to 'table', while other objects like chairs and the background are shown with lower similarity (darker colors)."
23,table,True,True,"A wooden table is clearly visible in the upper right section of the RGB image. The semantic voxel similarity map correctly highlights this area with bright yellow, indicating high similarity to 'table'."
24,table,True,True,"The RGB image clearly shows a wooden table surface in the upper right portion of the frame. The semantic voxel similarity map correctly highlights this area with high similarity (yellow), indicating the presence and location of the 'table'."
25,table,False,False,"The RGB image does not show a 'table'. The white surface on the left appears to be a wall or whiteboard, not a table. Despite the absence of a table, the semantic similarity map shows areas of high similarity (yellow) on the right side, which incorrectly suggests the presence of a table."
26,table,True,True,A table is clearly visible on the right side of the RGB image. The similarity map correctly highlights the location of this table with high similarity (yellow) values.
27,table,True,True,"A table is clearly present in the RGB image, located in the foreground. The semantic similarity map correctly highlights the area corresponding to the table with high similarity (yellow/bright green areas)."
28,table,True,True,"The RGB image clearly shows a large table in the foreground, occupying the lower half of the image. The semantic voxel similarity map correctly highlights this table with bright yellow areas in the corresponding location, indicating high similarity to the object 'table'."
29,table,True,True,"A table is clearly visible in the foreground of the RGB image. The semantic similarity map correctly highlights the area corresponding to the table with high similarity (yellow/bright green areas), indicating its presence and location accurately."
30,table,True,True,"A large wooden table is clearly visible in the foreground of the RGB image. The semantic similarity map correctly highlights the area corresponding to this table with bright yellow (high similarity) values, while showing lower similarity in other regions."
31,table,True,True,"A large wooden table/desk is clearly visible in the foreground of the RGB image. The similarity map correctly highlights the area corresponding to this table with bright yellow colors, indicating high similarity, while surrounding areas are darker."
32,table,True,True,A large wooden table is clearly visible in the foreground of the RGB image. The similarity map correctly highlights this table with high similarity (yellow/bright areas) in the corresponding location.
33,table,True,True,"A table is clearly visible in the foreground of the RGB image, occupying the lower central and left portion. The similarity map correctly shows high similarity (yellow/bright areas) in the corresponding region where the table is located."
34,table,False,True,"The RGB image does not show any object identifiable as a 'table'. The similarity map correctly reflects this by showing predominantly low similarity (dark purple/green areas) across the entire scene, indicating the absence of a table."
35,table,False,True,"The RGB image does not clearly show a 'table' in the scene. The semantic similarity map correctly reflects this by showing predominantly low similarity (dark/purple colors) across the entire map, indicating the absence of a 'table'."
36,table,False,True,"The RGB image does not show any object identifiable as a 'table'. The similarity map correctly reflects this by displaying predominantly low similarity values (dark purple/teal colors) throughout the entire scene, indicating the absence of a 'table'."
37,table,False,True,"The RGB image shows a ceiling and an upper wall, but no table is visible in the scene. The semantic similarity map for 'table' correctly shows low similarity (dark/purple colors) across the entire image, indicating the absence of a table."
38,table,False,True,"The RGB image shows a ceiling and upper walls of a room; no 'table' is visible. The similarity map correctly reflects this by showing predominantly low similarity (dark purple/teal colors) across the entire scene, indicating the absence of a table."
39,table,False,True,"The RGB image shows an indoor scene with a ceiling, walls, and two whiteboards. There is no object identifiable as a 'table' present in the scene. The similarity map correctly reflects this by showing predominantly low similarity (dark purple/blue) across the entire map, indicating the absence of a table."
40,table,False,True,"The RGB image does not contain any visible 'table'. The similarity map correctly reflects this by showing very low similarity (predominantly dark purple/blue) across the entire scene, with no bright yellow areas that would indicate the presence of a table."
41,table,False,True,"The RGB image does not contain a 'table'; it shows a room with whiteboards. The similarity map correctly reflects this by showing predominantly low similarity (dark purple/blue areas) for the object 'table' across the entire scene, indicating no table is detected."
42,table,False,True,"The RGB image does not show any object that can be identified as a 'table'. The scene consists of walls, whiteboards, and a floor. The similarity map correctly reflects the absence of a table by showing predominantly low similarity (purple/green areas) and no high similarity (yellow areas) for the object 'table'."
43,table,False,False,"The RGB image shows an empty room corner with a white wall and dark tiled floor. There is no 'table' visible in the scene. Therefore, the similarity map cannot correctly highlight a table as it is not present."
44,table,False,True,"The RGB image displays an empty room corner with a tiled floor and white walls. There is no 'table' present in the scene. The similarity map correctly reflects this by showing predominantly low similarity (darker colors) for the object 'table' across the entire scene, indicating its absence."
45,table,False,True,"The RGB image shows an empty room with a floor and walls, but no 'table' is visible. The similarity map correctly reflects the absence of a table by showing low similarity (predominantly green and purple colors) across the entire scene, with no bright yellow areas."
46,table,False,True,"The RGB image does not contain a 'table'. The scene shows a wall, an electrical outlet, a tiled floor, and part of a whiteboard. The similarity map correctly shows no areas of high similarity (yellow) for a 'table', indicating its absence."
47,table,False,True,"The RGB image does not contain a 'table'. The similarity map correctly reflects this by showing low similarity (predominantly green/purple, no yellow) across the entire scene, indicating the absence of the target object."
48,table,False,True,"The RGB image does not show any object that can be identified as a 'table'. The semantic similarity map correctly reflects this by showing low similarity values (predominantly green and purple, with no bright yellow areas) across the entire scene, indicating the absence of a 'table'."
49,table,False,True,"The RGB image shows a corner of a room with a wall and carpeted floor, but no table is visible. The semantic voxel similarity map correctly reflects this by showing low similarity (predominantly dark blue/green colors with no bright yellow areas) across the entire scene, indicating the absence of a table."
50,table,False,True,"The RGB image does not contain any object that can be identified as a 'table'. The semantic similarity map for 'table' correctly reflects this by showing low to medium similarity (predominantly green/teal and purple areas) across the entire scene, with no high similarity (yellow) regions, indicating the absence of a table."
51,table,False,True,"The RGB image shows a corner of a room with whiteboards and an electrical outlet, but no table is visible. The similarity map correctly shows low similarity (dark purple/blue/green areas) across the entire scene, indicating the absence of a 'table'."
52,table,False,True,"The RGB image does not show any object identifiable as a 'table'. The similarity map correctly reflects this by showing predominantly low similarity (purple/dark areas) across the entire scene, with no bright yellow areas indicating the presence of a table."
53,table,False,True,"The RGB image does not contain any object that can be identified as a 'table'. The similarity map correctly reflects this by showing predominantly low similarity (dark purple/blue areas) across the entire scene, with no significant high similarity (yellow) regions."
54,table,False,True,"The RGB image does not contain any object that can be identified as a 'table'. The semantic similarity map correctly reflects this by showing predominantly low similarity (dark/purple areas) across the entire scene, indicating the absence of a table."
55,table,False,True,"The RGB image shows a ceiling and walls with whiteboards, but no 'table' is visible in the scene. The semantic similarity map correctly reflects this by showing predominantly low similarity (dark/purple areas) throughout the entire map, indicating the absence of a table."
56,table,False,True,"The RGB image shows a ceiling and a wall, but no 'table' is visible in the scene. The similarity map correctly shows low similarity (darker/cooler colors) across the entire image, indicating the absence of a 'table'."
57,table,False,True,"The RGB image does not contain any object identifiable as a 'table'. The semantic similarity map for 'table' correctly shows very low similarity (predominantly dark purple/teal areas) across the entire scene, indicating the absence of the object."
58,table,False,True,"The RGB image does not show any object identifiable as a 'table'. The similarity map for 'table' correctly shows predominantly low similarity (dark purple/blue areas) across the entire scene, reflecting the absence of the object."
59,table,False,True,"The RGB image does not contain a 'table'. The similarity map correctly shows predominantly low similarity (purple/dark green areas) across the entire scene, indicating the absence of a 'table'."
60,table,False,False,"The RGB image does not contain a 'table'. The scene shows a floor, a wall with a whiteboard, a door frame, and part of a chair. Since no table is present, the similarity map, which shows areas of high similarity (yellow/bright green) for 'table', is incorrect."
61,table,False,False,"The RGB image does not clearly show a 'table'. There is a chair, a door, a wall, and a whiteboard, but no identifiable table. Since the object is not present, the similarity map should ideally show low similarity everywhere (purple/dark areas). However, the map displays areas of medium to high similarity (yellowish-green), which is incorrect given the absence of a table."
62,table,False,False,"The RGB image shows a hallway with a door and a wall, but no 'table' is visible in the scene. Therefore, the object is not present, and the similarity map cannot correctly highlight it."
63,table,False,False,"The RGB image does not contain any object that can be identified as a 'table'. Therefore, the semantic similarity map cannot correctly highlight a non-existent object."
64,table,False,False,"The RGB image does not show any object that can be identified as a 'table'. Despite the absence of a table, the similarity map displays areas of moderate to high similarity (greenish-yellow) in the lower-left and central-lower regions, which is incorrect as no table is present in the scene."
65,table,False,True,"The RGB image displays a door and a wall, but no table is visible. The similarity map correctly reflects the absence of a table by showing predominantly low similarity (dark purple/teal colors) across the entire scene, with no high similarity (yellow) areas."
66,table,False,True,"The RGB image does not contain any object identifiable as a 'table'. The similarity map correctly reflects this by showing predominantly low similarity (purple/dark areas) across the entire scene, indicating the absence of a 'table'."
67,table,False,True,"The RGB image is extremely blurry, making it impossible to definitively identify any object as a 'table'. The semantic similarity map correctly reflects this by showing very low similarity (dark purple/blue) across the entire scene, indicating no 'table' is detected or highlighted."
68,table,False,False,"The RGB image does not show any object identifiable as a 'table'. Despite the absence of the object, the semantic similarity map displays areas of medium to high similarity (lighter green/yellow), which incorrectly suggests the presence or features of a 'table'."
69,table,True,True,"A table is clearly visible on the left side of the RGB image. The similarity map correctly highlights this area with high similarity (yellow), while the rest of the scene (wall, trash can, door) shows low similarity (purple/darker green)."
70,table,True,True,"A wooden table/desk is clearly visible on the left side of the RGB image. The similarity map correctly highlights this area with bright yellow, indicating high similarity to 'table', while other objects like the chair and trash can are in darker, low-similarity regions."
71,table,True,True,"A table is clearly visible on the left side of the RGB image. The similarity map correctly shows high similarity (yellow areas) corresponding to the location of the table, particularly its top surface and legs."
72,table,True,True,"A table is clearly visible in the upper-left portion of the RGB image. The similarity map correctly highlights this area with high similarity (yellow/bright colors), indicating the presence and location of the table."
73,table,True,True,"A table/desk is visible in the top-left portion of the RGB image, next to the desk chair. The similarity map correctly highlights this area with bright yellow, indicating high similarity to 'table'."
74,table,True,True,A portion of a table or desk is visible in the top-left corner of the RGB image. The similarity map correctly highlights this general area with yellow (high similarity) regions.
75,table,True,True,"A table is clearly visible on the left side of the RGB image. The similarity map correctly highlights this area with bright yellow, indicating high similarity to 'table'."
76,table,True,True,"A table is clearly present in the RGB image, positioned centrally. The similarity map correctly highlights the table's surface and its base with high similarity (yellow areas), indicating an accurate localization of the object."
77,table,True,True,"A large wooden table is clearly visible in the RGB image, occupying the right and central-right portion. The semantic similarity map correctly highlights this area with high similarity (yellow/bright voxels), indicating the presence and location of the table."
78,table,True,True,A table is clearly visible in the center of the RGB image. The semantic voxel similarity map correctly highlights the area corresponding to the table with high similarity (yellow/bright green areas).
79,table,True,True,"A table (desk) is clearly visible on the left side of the RGB image. The semantic similarity map correctly highlights this area with high similarity (yellow/bright colors), indicating the presence and location of the table."
0,wall,True,True,"A 'wall' is clearly present in the RGB image, forming the background of the room. The similarity map correctly highlights the large wall surfaces on the left and top-right with yellow/bright areas, indicating high similarity. Areas corresponding to the TV, table, chairs, and door are correctly shown with lower similarity (darker colors)."
1,wall,True,True,"A 'wall' is clearly present in the RGB image, forming the background and side surfaces of the room. The similarity map correctly highlights these large planar surfaces with high similarity (yellow/bright green areas), indicating the presence and location of the walls."
2,wall,True,True,"The RGB image clearly shows walls, specifically the wall behind the TV and table, and the wall to the right with a window. The similarity map correctly highlights these areas with bright yellow, indicating high similarity to 'wall', while other objects like the table and chairs are represented by darker, low-similarity areas."
3,wall,True,False,"A 'wall' is clearly present in the RGB image, forming the background behind the table and TV. However, the similarity map does not correctly highlight the wall's location. While there are some bright (high similarity) areas, they are scattered and inconsistent, with many dark (low similarity) patches within the wall's actual boundaries. The map does not provide a clear, contiguous representation of the wall."
4,wall,True,False,"A wall is clearly present in the RGB image, occupying a large portion of the left and back of the scene. However, the similarity map for 'wall' does not correctly highlight these areas with high similarity (yellow/bright colors). Instead, many parts of the wall are represented by low similarity (purple/dark green areas)."
5,wall,True,True,"The RGB image clearly shows multiple walls: a white wall on the left, and a light-colored wall extending from the center to the right. The similarity map correctly highlights these areas with high similarity (yellow), while showing low similarity (purple) for other objects like the chair, table, and floor."
6,wall,True,True,"A 'wall' is clearly present in the RGB image, forming the background of the scene and extending from the left (including what appears to be a whiteboard) to the right where a TV is mounted. The similarity map correctly highlights these large wall areas with yellow/bright green, indicating high similarity, while areas like the TV and parts of the foreground (desk/chair) show lower similarity."
7,wall,True,True,"A 'wall' is clearly present in the RGB image, occupying the left, central, and right portions of the scene. The similarity map correctly highlights these areas with high similarity (yellow), indicating the presence of a wall. Areas corresponding to the ceiling and the TV on the right show lower similarity."
8,wall,True,True,The RGB image clearly shows walls on the left and right sides of the frame. The semantic similarity map correctly highlights these wall areas with high similarity (yellow/bright regions).
9,wall,True,True,"A large wall is clearly visible in the lower and central parts of the RGB image. The similarity map correctly shows high similarity (yellow areas) corresponding to the location of this wall, indicating it has successfully identified the object."
10,wall,True,False,"A 'wall' is clearly present in the RGB image, occupying the lower half of the frame. However, the similarity map does not correctly highlight this wall. The map shows fragmented patterns with varying similarity, and the area corresponding to the large, flat wall in the RGB image is mostly green/light green, not the bright yellow that would indicate high similarity. The brightest yellow areas are scattered and do not form a coherent representation of the wall."
11,wall,True,False,"A 'wall' is clearly present in the RGB image, visible as the light-colored surface occupying the lower-left and central portions of the frame. However, the similarity map does not correctly highlight this wall with high similarity (yellow areas). The areas corresponding to the prominent wall in the RGB image are mostly dark purple/green (low similarity) in the map, while some high similarity areas appear in the upper-right, which do not align with the visible wall."
12,wall,True,True,"The RGB image clearly depicts multiple wall surfaces, including the white walls on the left and bottom, and the wall section containing a window and a wooden door on the right. The similarity map correctly highlights these wall areas with high similarity (yellow/bright green), particularly on the left, bottom, and right sides where the walls are located. Areas corresponding to the window and parts of the ceiling show lower similarity."
13,wall,True,True,"A 'wall' is clearly present in the RGB image, visible as the vertical surfaces on the left (with the door and window) and on the right. The similarity map correctly highlights these wall regions with high similarity (yellow/bright green areas) in the corresponding locations."
14,wall,True,True,"A 'wall' is clearly present in the RGB image, forming the background of the scene on the right and around the door/window on the left. The similarity map correctly highlights these wall surfaces with bright yellow areas, indicating high similarity to the 'wall' concept."
15,wall,True,True,"A wall is clearly present in the RGB image, visible to the right of the door, above the door, and to the left of the frosted glass partition. The semantic similarity map correctly highlights these wall surfaces with yellow (high similarity) areas, while showing lower similarity for the door and the glass partition."
16,wall,True,True,"A 'wall' is clearly present in the RGB image, visible on the right, left, and behind the door. The similarity map correctly highlights these areas with high similarity (yellow), indicating the presence of walls. Areas like the floor, chair, and desk show low similarity (purple/darker green)."
17,wall,True,True,"A 'wall' is clearly present in the RGB image, specifically the white wall on the right side and the wooden door/wall section in the background. The similarity map correctly highlights these areas with yellow/bright green, indicating high similarity to 'wall'."
18,wall,True,True,"A wall is clearly visible on the right side of the RGB image, consisting of a white vertical surface and a light brown door/partition. The similarity map correctly highlights these areas with bright yellow, indicating high similarity to 'wall'."
19,wall,True,True,"A wall is clearly visible in the RGB image, located in the background on the right side. The similarity map correctly highlights this area with high similarity (yellow), indicating the presence and location of the wall."
20,wall,True,False,"A 'wall' is clearly present in the RGB image, specifically the white wall behind the table and the glass partition on the right. However, the similarity map does not correctly highlight these areas with high similarity (yellow). The prominent white wall behind the table is mostly represented by low to medium similarity (green/purple), and while some parts of the glass partition on the right show higher similarity, the overall representation of the wall is fragmented and incomplete, failing to accurately capture the object's location with strong signals."
21,wall,True,True,"A 'wall' is clearly present in the RGB image, forming the background behind the table and TV, and a frosted glass partition on the right. The similarity map correctly shows high similarity (yellow/bright green areas) in the upper regions of the map, corresponding to the locations of these walls in the RGB image."
22,wall,True,False,"A white wall is clearly visible in the background of the RGB image. However, the similarity map does not correctly highlight this wall. The high similarity (yellow/bright green) areas are fragmented and scattered, and do not form a coherent, contiguous region corresponding to the large wall surface seen in the RGB image."
23,wall,True,True,"A 'wall' is clearly present in the RGB image, visible on the left side and extending to the back of the room. The similarity map correctly highlights these areas with yellow/bright colors, indicating high similarity to 'wall', while other areas like the floor and desk show low similarity (purple/dark)."
24,wall,True,True,"A 'wall' is clearly visible in the RGB image, forming the left and back boundaries of the room. The similarity map correctly highlights these areas with yellow/bright colors, indicating high similarity to 'wall'."
25,wall,True,True,"The RGB image clearly shows multiple walls, including a prominent white wall on the left and another wall forming a corner on the right. The similarity map correctly highlights these areas with bright yellow and light green colors, indicating high similarity to the 'wall' object."
26,wall,True,True,"A 'wall' is clearly present in the RGB image, occupying the left and background portions of the scene. The similarity map correctly highlights these areas with bright yellow, indicating high similarity to 'wall', while other objects like the chair, desk, and floor are shown with lower similarity (darker colors)."
27,wall,True,False,"A large white wall is clearly visible in the RGB image, spanning the left and upper-center portions of the frame. However, the similarity map does not highlight this wall with high similarity (yellow/bright areas). Instead, the areas corresponding to the wall are predominantly green and purple, indicating low to medium similarity."
28,wall,True,False,"A wall is clearly present in the RGB image, forming the background of the scene. However, the similarity map does not correctly highlight the wall. Instead of showing high similarity (yellow/bright areas) consistently across the wall's surface, the map displays a fragmented, wave-like pattern with many low-similarity (purple/dark) areas where the wall should be, indicating it does not accurately represent the object's location."
29,wall,True,True,"A white wall is visible in the background behind the table and monitor, and a frosted glass wall is present on the right side of the image. The similarity map correctly shows high similarity (yellow/bright areas) corresponding to these wall surfaces, particularly the frosted glass wall on the right and parts of the white wall in the upper background. Areas corresponding to the table, chairs, and objects on the table show low similarity (purple/dark areas), which is also correct."
30,wall,True,True,"The RGB image clearly shows a light-colored wall in the background, behind the table and extending to the left and right sides of the frame (around the window). The similarity map correctly highlights these wall areas with high similarity (yellow/bright green regions) in the upper-left and upper-right portions, while showing low similarity for other objects like the table."
31,wall,True,True,"The RGB image clearly shows multiple walls, including the light-colored wall on the left and the glass partition/door area on the right. The similarity map correctly highlights these areas with high similarity (yellow), while showing low similarity (purple) for objects like the desk and chair in the foreground."
32,wall,True,True,"A wall is clearly present in the RGB image, both behind the desk and through the doorway on the right. The similarity map correctly highlights these areas with high similarity (yellow), while showing low similarity (purple) for other objects like the desk and items on it."
33,wall,True,False,"A 'wall' is clearly present in the RGB image, visible on both the left and right sides of the frame. The similarity map correctly highlights the wall on the right side of the image with high similarity (yellow). However, the large wall surface on the left side of the RGB image is shown with low similarity (purple/dark green) in the map, indicating an incorrect representation for that part of the object."
34,wall,True,True,"The RGB image clearly shows multiple walls, including the large white wall on the right and the wall containing the wooden door and glass partition. The similarity map correctly highlights these areas with bright yellow, indicating high similarity to 'wall'."
35,wall,True,True,"The RGB image clearly shows multiple walls, including the light-colored wall on the right and the wall with the door and window on the left. The similarity map correctly highlights these wall areas with high similarity (yellow/bright regions), while showing lower similarity for the ceiling and other non-wall elements."
36,wall,True,True,"A 'wall' is clearly visible in the RGB image, occupying the lower half of the scene. The similarity map correctly highlights this wall area with high similarity (yellow color)."
37,wall,True,True,"A wall is clearly visible in the lower half of the RGB image. The similarity map correctly highlights this region with yellow/bright green colors, indicating high similarity to 'wall'."
38,wall,True,True,"The RGB image clearly shows walls, particularly the light green/beige surfaces on the right and bottom-left. The semantic similarity map correctly highlights these wall areas with high similarity (yellow/bright colors). The ceiling, which is not a wall, shows lower similarity (more green/purple)."
39,wall,True,True,"The RGB image clearly shows multiple walls, including the corner and the surfaces behind the whiteboards. The semantic similarity map correctly highlights these areas with high similarity (yellow/bright green), indicating the presence of 'wall' in the expected locations."
40,wall,True,True,"The RGB image clearly shows multiple walls, including a corner where two walls meet, and the areas behind the whiteboards. The similarity map is predominantly yellow, indicating high similarity across most of the image, which accurately corresponds to the extensive wall surfaces present in the scene."
41,wall,True,True,"The RGB image clearly shows walls in an indoor setting, with whiteboards mounted on them. The similarity map correctly highlights the large areas corresponding to the walls with high similarity (yellow/bright colors), indicating a strong presence of the 'wall' object in those regions."
42,wall,True,True,"The RGB image clearly shows white walls on the left and right, forming a corner. The similarity map correctly highlights these areas with high similarity (yellow/bright colors), indicating the presence and location of the 'wall' object."
43,wall,True,True,"The RGB image clearly shows two white walls forming a corner. The similarity map correctly highlights these wall regions with yellow/bright green colors, indicating high similarity, while the floor area is darker/purple, indicating low similarity."
44,wall,True,False,"A 'wall' is clearly present in the RGB image, visible on the right side and at the top. However, the similarity map is not correct because while it shows high similarity (yellow/bright green) for the walls, it also shows high similarity for a large portion of the floor, which is not a wall. This indicates a significant number of false positives, meaning the map does not accurately highlight only the 'wall' object."
45,wall,True,False,"A 'wall' is clearly present in the RGB image, occupying the upper and right portions of the scene. However, the similarity map does not correctly highlight the wall. The areas corresponding to the wall in the RGB image are predominantly green/teal in the similarity map, indicating medium to low similarity, rather than the expected yellow/bright for high similarity. The map also shows similar medium similarity for the floor area, which is incorrect for a 'wall' map."
46,wall,True,False,"A 'wall' is clearly present in the RGB image, occupying the upper and right portions of the scene. However, the similarity map does not correctly highlight the wall areas with high similarity (yellow). The map is predominantly green, indicating medium similarity across much of the image, including areas that are clearly not walls (e.g., the floor). While there are some slightly brighter areas on the right, the main wall in the center and left is not distinctly highlighted, and the overall map does not accurately delineate the wall regions."
47,wall,True,True,"The RGB image clearly shows two white walls meeting in a corner. The similarity map correctly highlights these wall areas with yellow/bright green colors, indicating high similarity to 'wall'. The floor area, which is not a wall, shows lower similarity with darker green/bluish tones."
48,wall,True,True,"The RGB image clearly shows multiple walls, including a corner and a wall with an electrical outlet. The similarity map correctly highlights these wall areas with yellow/bright green, indicating high similarity, while the floor and whiteboard areas show lower similarity."
49,wall,True,False,"A 'wall' is clearly present in the RGB image, forming the background and corner of the room. However, the similarity map does not correctly highlight these wall areas with high similarity (yellow/bright colors). The map shows mostly green and some darker blue/purple tones, indicating moderate to low similarity, rather than the expected high similarity for the prominent walls."
50,wall,True,False,"A 'wall' is clearly present in the RGB image, occupying a significant portion of the scene. However, the similarity map does not correctly highlight the wall areas with high similarity (yellow). The map shows mostly green and light green, indicating moderate similarity, but lacks the bright yellow areas that would signify strong detection of the wall."
51,wall,True,True,"The RGB image clearly shows two white walls meeting in a corner. The similarity map correctly highlights the areas corresponding to these walls with high similarity (yellow/bright colors), especially in the upper and right portions of the map."
52,wall,True,True,"The RGB image clearly shows a large, light-colored wall on the right side and extending towards the center. The similarity map correctly highlights this entire area with high similarity (yellow), indicating the presence and location of the wall."
53,wall,True,True,"The RGB image clearly shows an indoor scene with two walls meeting at a corner. The similarity map for 'wall' correctly shows high similarity (yellow/bright green areas) across most of the image, accurately highlighting the presence and location of the walls."
54,wall,True,True,"A 'wall' is clearly present in the RGB image, forming the main background and corner of the room. The similarity map correctly highlights the large wall surfaces in yellow, indicating high similarity. It also shows lower similarity (darker areas) for the whiteboards mounted on the walls, which are distinct objects from the wall itself."
55,wall,True,True,"A 'wall' is clearly present in the RGB image, forming the main background surfaces. The similarity map correctly shows high similarity (yellow/light green areas) corresponding to the location of the walls in the RGB image. Although the map also shows high similarity for the ceiling, it does accurately highlight the wall regions."
56,wall,True,True,"A wall is clearly present in the RGB image, occupying the lower and right portions of the scene. The similarity map correctly shows high similarity (yellow/bright green areas) across most of the map, corresponding to the large wall surfaces visible in the RGB image."
57,wall,True,True,"A 'wall' is clearly present in the RGB image, occupying the majority of the frame below the ceiling. The similarity map correctly shows high similarity (yellow/bright areas) corresponding to the location of the wall in the RGB image, particularly in the upper and central regions where the wall is most prominent."
58,wall,True,False,"A 'wall' is clearly present in the RGB image, forming the background of the scene. However, the similarity map does not correctly highlight the entire wall area with high similarity (yellow). While some areas on the far left and right show high similarity, large portions of the visible walls, especially the prominent white wall on the right and the upper part of the left wall, are represented by medium (green) or even lower similarity values, rather than consistently high similarity."
59,wall,True,True,"A large white wall is clearly visible in the RGB image, occupying most of the frame. The similarity map correctly shows high similarity (yellow/bright green areas) across the regions corresponding to the wall in the RGB image."
60,wall,True,False,"A 'wall' is clearly present in the RGB image, occupying the right side and upper left (door frame area). However, the similarity map does not correctly highlight the entire wall area with high similarity. While there are some yellow areas in the top-left corresponding to the wall/door frame, the large white wall on the right, which is a prominent wall surface, is mostly represented by green/moderate similarity, not the bright yellow indicating high similarity."
61,wall,True,False,"A 'wall' is clearly present in the RGB image, occupying a large portion of the right side and behind the door on the left. However, the similarity map does not correctly highlight these prominent wall areas with high similarity (yellow). The map shows mostly low to medium similarity (green/purple) where the walls are, with only small, scattered yellow patches that do not correspond well to the visible wall surfaces."
62,wall,True,True,"A 'wall' is clearly present in the RGB image, specifically the white wall on the right and the wall surrounding the door on the left. The similarity map correctly shows high similarity (yellow areas) corresponding to these wall regions in the RGB image, while the floor area shows low similarity (purple)."
63,wall,True,True,"A prominent white wall is visible on the right side of the RGB image, and another wall with a door is present in the center-left. The similarity map correctly highlights these wall areas with high similarity (yellow/bright colors), particularly the large white wall on the right and parts of the wall with the door. Areas corresponding to the floor are correctly shown with low similarity (purple/dark colors)."
64,wall,True,False,"A 'wall' is clearly present on the right side of the RGB image. However, the similarity map does not correctly highlight this wall. The high similarity (yellow) areas are scattered and fragmented across the map, and do not form a coherent representation of the wall's location or shape in the RGB image."
65,wall,True,True,A 'wall' is clearly visible on the right side of the RGB image. The similarity map correctly shows high similarity (yellow/bright green areas) corresponding to the location of this wall.
66,wall,True,True,"A 'wall' is clearly present in the RGB image, forming the background and surrounding the door. The similarity map correctly highlights these wall areas with bright yellow, indicating high similarity, while the door and window areas show lower similarity (darker colors)."
67,wall,True,True,"A 'wall' is clearly present in the RGB image, including the white wall at the top and the wooden partition on the right. The similarity map correctly highlights these areas with high similarity (yellow/bright green), indicating the presence of a wall."
68,wall,True,False,"A 'wall' is clearly present in the RGB image, specifically the light-colored wall on the left and a brown/orange wall section on the far right. The similarity map shows high similarity (yellow) on the far right, correctly highlighting the brown/orange wall. However, it largely fails to highlight the prominent light-colored wall on the left, which appears mostly in low similarity (purple/dark green) areas on the map. Therefore, the map does not correctly highlight all instances of the 'wall' object."
69,wall,True,True,"A 'wall' is clearly visible in the RGB image, both on the right side behind the trash can and on the left side behind the chair and TV. The similarity map correctly highlights these areas with high similarity (yellow), while showing lower similarity (purple/darker colors) for objects like the trash can, chair, and frosted glass door."
70,wall,True,True,"A 'wall' is clearly present in the RGB image, specifically the light-colored wall behind the trash can and office chair, and the frosted glass partition on the right. The similarity map correctly shows high similarity (yellow/bright green) in these areas, particularly on the right side corresponding to the partition and the upper part of the back wall."
71,wall,True,True,"A white wall is clearly visible on the right side of the RGB image, behind the trash can. The semantic similarity map correctly shows high similarity (yellow/bright areas) in the corresponding location on the right side, indicating the presence and location of the wall."
72,wall,True,True,"A 'wall' is clearly visible in the RGB image, specifically on the right side and in the background behind the trash can and chair. The similarity map correctly highlights these areas with yellow/bright colors, indicating high similarity to 'wall'."
73,wall,True,True,"A 'wall' is clearly present in the RGB image, forming the background behind the chair and trash can, and extending to the right side. The similarity map correctly shows high similarity (yellow/bright green areas) in the upper and right portions of the map, which correspond to the location of the wall in the RGB image."
74,wall,True,True,"A prominent wall is visible in the RGB image, forming the background behind the chair and trash can. The semantic voxel similarity map shows significant yellow/bright areas, indicating high similarity to 'wall', which correctly reflects the presence of the wall in the scene."
75,wall,True,True,"A light-colored wall is clearly visible in the RGB image, occupying the right and upper-right portions of the background. The similarity map correctly highlights these areas with yellow/bright colors, indicating high similarity to 'wall'."
76,wall,True,True,"A 'wall' is clearly present in the RGB image, forming the background of the room (e.g., the white wall on the left and the wall behind the TV). The similarity map correctly shows high similarity (yellow/bright areas) in the upper parts of the image, corresponding to the location of these walls."
77,wall,True,True,"A 'wall' is clearly present in the RGB image, forming the background of the room. The similarity map correctly highlights the wall area (left and top-left of the image) with bright yellow/green colors, indicating high similarity, while other objects like the floor and furniture show low similarity (darker colors)."
78,wall,True,False,"A 'wall' is clearly present in the RGB image, forming the background behind the table and chairs. However, the similarity map does not correctly highlight the wall's location with high similarity (yellow/bright areas). Many parts corresponding to the wall in the RGB image appear green or purple in the map, indicating low to medium similarity, and the bright yellow areas are scattered rather than coherently outlining the wall."
79,wall,True,True,"A white wall is clearly visible in the RGB image, forming the background and right side of the scene. The similarity map correctly highlights this area with yellow/bright green colors, indicating high similarity to 'wall'."
0,window,True,True,"A glass partition/doorway, which functions like a window, is present on the right side of the RGB image. The similarity map correctly shows high similarity (yellow areas) corresponding to the location of this glass partition."
1,window,True,True,"A window is clearly present on the right side of the RGB image. The semantic similarity map accurately highlights this window area with high similarity (yellow/bright colors), indicating a correct localization of the object."
2,window,True,True,"A frosted glass window or partition is clearly visible on the right side of the RGB image. The similarity map correctly highlights this area with high similarity (yellow), indicating the presence and location of the 'window'."
3,window,False,False,"The RGB image does not contain any visible 'window'. The semantic similarity map, however, shows areas of high similarity (yellow) for 'window', which is incorrect as the object is not present in the scene."
4,window,False,False,The RGB image does not contain any visible 'window'. The similarity map is incorrect because it shows several areas with high similarity (yellow/bright) for 'window' where no such object exists in the scene.
5,window,False,False,"The RGB image shows an office interior with a whiteboard, a wall, a TV, a chair, and a table. There is no 'window' visible in the scene. The similarity map, however, shows several areas of high similarity (yellow), incorrectly suggesting the presence of a window in various locations where none exists in the RGB image."
6,window,False,False,"The RGB image does not contain a 'window'. The scene shows a whiteboard, a wall, a TV, a chair, and a desk. Despite the absence of a window, the similarity map shows several areas with medium to high similarity (green and yellow regions), which is incorrect as the map should ideally show low similarity everywhere if the object is not present."
7,window,False,False,"The RGB image does not contain any visible windows. The similarity map, however, shows areas of moderate to high similarity (yellowish-green), which is incorrect as no 'window' object is present in the scene."
8,window,False,False,"The RGB image shows an indoor office-like scene with a whiteboard and ceiling lights, but no 'window' is visible. The similarity map, however, shows areas of high similarity (yellow/bright green) in the upper left and upper right, and some structured patterns in the middle, which do not correspond to any actual window in the scene. Therefore, the object is not present, and the map incorrectly indicates high similarity."
9,window,False,False,"The RGB image shows an indoor scene with a ceiling light fixture, but no window is visible. The similarity map incorrectly shows areas of high similarity (yellow) for 'window', despite no window being present in the scene."
10,window,True,True,"A window is partially visible on the far right side of the RGB image. The semantic similarity map correctly highlights this area with high similarity (yellow), indicating the presence and location of the 'window'."
11,window,True,True,"A window is clearly visible in the bottom right corner of the RGB image. The similarity map correctly highlights this area with bright yellow voxels, indicating high similarity to the 'window' object."
12,window,True,True,"The RGB image clearly shows a glass partition, which functions as a window, in the lower-middle to lower-right section. The semantic similarity map correctly highlights this area with high similarity (yellow), indicating the presence and location of the 'window'."
13,window,True,True,"A window (specifically, an interior glass partition looking into another room) is clearly visible in the lower-left portion of the RGB image. The semantic similarity map correctly highlights this area with bright yellow, indicating high similarity to the 'window' object."
14,window,True,True,"A window (a glass partition acting as a window into another room) is clearly visible in the RGB image to the left of the wooden door. The semantic voxel similarity map correctly highlights this window area with bright yellow, indicating high similarity."
15,window,True,True,"A large glass panel, functioning as a window, is clearly visible on the left side of the RGB image. The similarity map correctly highlights this window area with bright yellow, indicating high similarity, while other areas like the door and wall show lower similarity."
16,window,True,True,"A frosted glass panel, functioning as a window or partition, is clearly visible to the left of the wooden door in the RGB image. The similarity map correctly highlights this area with bright yellow, indicating high similarity to 'window'."
17,window,True,True,"A large glass partition, which functions as an interior window, is present in the upper-left portion of the RGB image. The semantic similarity map correctly highlights this area with high similarity (yellow), indicating the presence and location of the 'window'."
18,window,True,True,"A window is present in the RGB image, visible as a horizontal strip in the upper background. The similarity map correctly highlights this area with high similarity (yellow)."
19,window,True,True,A large window or glass partition is visible on the right side of the RGB image. The similarity map correctly highlights this area with high similarity (yellow regions) in the top-right quadrant.
20,window,True,True,"A large window is clearly visible on the right side of the RGB image. The semantic similarity map correctly highlights this entire area with high similarity (yellow/bright green), indicating the presence and location of the 'window'."
21,window,True,True,"A large glass partition, functioning as a window, is clearly visible on the right side of the RGB image. The similarity map correctly highlights this area with high similarity (yellow), while other objects like the table, chairs, and TV show low similarity (purple)."
22,window,True,True,"A glass partition/door, which functions similarly to an interior window, is visible on the right side of the RGB image. The similarity map correctly highlights this area with high similarity (yellow), indicating the model identified it as a 'window'."
23,window,False,False,"The RGB image does not contain any windows; the scene depicts an indoor office space with solid walls. However, the similarity map shows several areas of high similarity (yellow), which incorrectly suggests the presence of a 'window' in those locations."
24,window,False,False,"The RGB image does not show any window. The scene depicts an indoor office corner with a wall, floor, chair, and desk. Despite the absence of a window, the similarity map shows several areas of high similarity (yellow/bright), which incorrectly suggests the presence of a window."
25,window,False,False,"The RGB image shows an indoor office space with a whiteboard and a chair, but no windows are visible. Since the object 'window' is not present in the scene, the similarity map cannot correctly highlight its location."
26,window,False,False,"The RGB image does not show any windows. However, the similarity map incorrectly highlights several areas with high similarity (yellow) for 'window', indicating a false positive."
27,window,False,False,"The RGB image does not contain a 'window'. The large black rectangle on the wall is a TV screen, not a window. Since the object is not present, a correct similarity map should show low similarity (dark/purple) everywhere. However, the provided map shows several areas of high similarity (yellow), which are incorrect as there is no window to highlight."
28,window,True,True,"A glass panel, which functions like a window, is visible in the doorway on the right side of the RGB image. The similarity map correctly highlights this area with high similarity (yellow), indicating the presence of a 'window'."
29,window,True,True,"A large frosted window is clearly visible on the right side of the RGB image. The similarity map correctly highlights this area with high similarity (yellow), indicating the presence and location of the window."
30,window,True,True,"A window is clearly visible on the right side of the RGB image. The similarity map correctly highlights this area with high similarity (yellow), indicating the presence and location of the window."
31,window,True,True,"A frosted glass panel, which functions as an interior window or partition, is clearly visible on the right side of the RGB image. The similarity map correctly highlights this area with high similarity (yellow), indicating the presence and location of the 'window'."
32,window,True,True,"A window is present in the RGB image, specifically the glass panel within the door on the right side of the frame. The similarity map correctly highlights this area with high similarity (yellow), indicating the presence and location of the 'window'."
33,window,True,True,"A large glass partition, which functions as a window or glass wall, is clearly visible on the right side of the RGB image. The similarity map correctly highlights this glass partition with bright yellow areas, indicating high similarity to 'window'."
34,window,True,True,"A window (a glass partition looking into another room) is clearly visible on the left side of the RGB image. The similarity map correctly highlights this area with high similarity (yellow/bright colors), indicating the presence and location of the window."
35,window,True,True,"A window (glass partition) is clearly visible on the left side of the RGB image, allowing a view into an adjacent room. The semantic voxel similarity map correctly highlights this area with bright yellow, indicating high similarity to 'window', while other areas like the wall and door are darker."
36,window,False,False,"The RGB image does not contain a 'window'. The scene shows an indoor room with a door, a whiteboard, and a ceiling with lights, but no visible window. Since the object is not present, the similarity map cannot be correct in highlighting its location."
37,window,False,False,"The RGB image does not contain any visible 'window'. Therefore, the object is not present, and the similarity map cannot correctly highlight it. Ideally, the map should show low similarity (purple) throughout if the object is absent."
38,window,False,False,"The RGB image does not show any 'window'. Therefore, the object is not present. A correct similarity map for an absent object should show low similarity (dark/purple) across the entire image. However, the provided similarity map shows areas of high and moderate similarity (yellow and bright green), which is incorrect given the absence of a window."
39,window,False,False,"The RGB image does not show any windows. The similarity map, however, displays generally high similarity (green/yellow areas) across the scene, which is incorrect since the object 'window' is not present."
40,window,False,False,"The RGB image shows an indoor corner with white boards and a ceiling, but no window is visible. The similarity map incorrectly displays areas of high similarity (yellow/green) for 'window' despite its absence in the scene."
41,window,False,False,"The RGB image shows an indoor scene with whiteboards, but no 'window' is visible. The similarity map, however, shows high similarity (yellow/green areas) for 'window' across a significant portion of the scene, which is incorrect as the object is not present."
42,window,False,False,"The RGB image clearly shows an indoor room with whiteboards and an electrical outlet, but no windows are visible. Therefore, the object 'window' is not present. Consequently, the similarity map is incorrect as it shows areas of high similarity (yellow) for 'window' even though the object is absent from the scene."
43,window,False,False,"The RGB image does not contain any visible 'window'. Therefore, the object is not present. A correct similarity map for a non-existent object should ideally show uniformly low similarity (dark/purple) across the entire map. This map, however, displays a range of colors from purple to green to yellow-green, indicating varying levels of similarity, rather than uniformly low similarity. Thus, the map is not correct in representing the absence of the object."
44,window,False,False,"The RGB image does not show any 'window'. The scene depicts a room with a tiled floor and walls. The similarity map, however, shows areas of higher similarity (brighter green/yellow) in the bottom right and scattered elsewhere, which is incorrect as no window is present in the scene."
45,window,False,True,"The RGB image does not show any window. The similarity map correctly reflects this by showing predominantly low to medium similarity (green/blue/purple tones) across the entire scene, with no distinct high similarity (yellow) regions that would incorrectly indicate the presence of a window."
46,window,False,True,The RGB image shows an indoor corner with white walls and a dark tiled floor. There is no 'window' visible in the scene. The similarity map correctly reflects this by not showing any high similarity (yellow) areas that would correspond to a window.
47,window,False,True,"The RGB image does not show any windows. The similarity map correctly indicates the absence of a 'window' by showing predominantly low to medium similarity (green/purple tones) across the entire image, with no bright yellow areas that would suggest a window is present."
48,window,False,False,"The RGB image does not show any windows. Therefore, the object 'window' is not present in the scene. Consequently, the similarity map cannot correctly highlight a non-existent object. The map shows areas of moderate to slightly high similarity (green/yellowish-green) rather than uniformly low similarity (purple), which would be expected if the object is absent."
49,window,False,False,"The RGB image does not contain a 'window'. Therefore, the similarity map cannot correctly show high similarity (yellow areas) where the 'window' is located, as there is no window present to highlight."
50,window,False,False,"The RGB image does not show any 'window'. The scene depicts an indoor corner with walls, a carpet, an electrical outlet, and a whiteboard. The similarity map, however, shows areas of moderate to high similarity (green to yellow), which incorrectly suggests the presence or features related to a 'window' when none is visible."
51,window,False,False,"The RGB image does not contain any 'window'. The similarity map, however, shows areas of high similarity (yellow) which incorrectly suggests the presence of a window."
52,window,False,False,"The RGB image does not clearly show a 'window'. The vertical panel on the left appears to be a door or a partition, not an opening to the outside. The similarity map, however, shows mostly green areas, indicating a medium level of similarity for 'window' across much of the scene, rather than low similarity (purple) which would be expected if no window is present."
53,window,False,True,"The RGB image does not show any windows. The semantic similarity map for 'window' correctly does not highlight any areas with high similarity (yellow), indicating the absence of a window in the scene."
54,window,False,True,"The RGB image (Frame 54) depicts an indoor corner with walls and whiteboards, but no window is visible. The semantic similarity map for 'window' correctly shows no high similarity (yellow) areas, indicating that no window is detected or highlighted."
55,window,False,False,"The RGB image shows an indoor scene with a ceiling, walls, and what appear to be whiteboards, but no window is visible. Therefore, the object 'window' is not present. Since the object is not present, the map cannot correctly highlight its location."
56,window,False,True,"The RGB image displays an indoor scene with a ceiling and a plain wall, but no windows are visible. The similarity map correctly reflects this by showing low similarity (green/purple tones) across the entire image, with no bright yellow areas indicating the presence of a window."
57,window,False,False,"The RGB image shows a ceiling and a wall, but no window is visible. The similarity map, however, displays areas of moderate to somewhat high similarity (green to yellowish-green), which is incorrect as no 'window' is present in the scene."
58,window,False,False,"The RGB image does not show any windows. The scene depicts an indoor room with a door on the left and a large white board on the right. Since no 'window' is present, the similarity map cannot correctly highlight it. Ideally, the map should show uniformly low similarity if the object is absent."
59,window,False,False,"The RGB image does not contain a 'window'. The scene shows a door, a wall with an electrical outlet, and a whiteboard. Despite the absence of a window, the similarity map displays several areas with high similarity (yellow/bright colors), incorrectly suggesting the presence of a window."
60,window,False,False,"The RGB image does not contain a 'window'. The similarity map, however, shows several areas of high similarity (yellow/bright green), which is incorrect since the object is not present in the scene."
61,window,True,True,"A glass panel, functioning as a window or part of a windowed door, is visible on the far left of the RGB image. The similarity map correctly highlights this area with high similarity (yellow)."
62,window,True,True,"A glass panel, which functions as a window, is present on the left side of the RGB image. The similarity map correctly highlights this area with high similarity (yellow)."
63,window,True,True,"A glass panel, which functions as a window or glass partition, is visible on the left side of the RGB image. The similarity map correctly highlights this area with high similarity (yellow), indicating the presence and location of the 'window'."
64,window,True,True,"A blurry glass panel, which can be considered a type of window, is visible to the left of the wooden door in the RGB image. The similarity map correctly highlights this area with high similarity (yellow), indicating the presence and location of the 'window'."
65,window,True,True,"The RGB image clearly shows a glass panel or window to the left of the wooden door, framed by a metallic structure. The similarity map correctly highlights this area with bright yellow, indicating high similarity to 'window'."
66,window,True,True,"A window (a glass panel looking into another room) is clearly visible on the left side of the RGB image. The similarity map correctly highlights this area with bright yellow, indicating high similarity to 'window'."
67,window,True,True,"A window, or a large glass partition functioning as a window, is clearly visible on the left side of the RGB image, looking into another room. The similarity map correctly highlights this area with high similarity (yellow/bright colors) in the corresponding location."
68,window,True,True,"A large frosted glass panel, which functions as a window or part of a windowed door, is clearly visible on the right side of the RGB image. The similarity map correctly highlights this area with high similarity (yellow/bright colors), indicating the presence and location of the 'window'."
69,window,True,True,"The RGB image contains a frosted glass panel on the right side, which functions as an interior window or partition. The similarity map correctly highlights this area with high similarity (yellow), indicating the presence and location of the 'window'."
70,window,True,True,"A frosted glass partition, which functions as a window or a large glass panel, is clearly visible on the right side of the RGB image. The similarity map correctly highlights this area with bright yellow and green colors, indicating high similarity to the 'window' object."
71,window,True,True,A window or a large glass panel/door acting as a window is visible on the far right side of the RGB image. The similarity map correctly shows high similarity (yellow areas) in the region corresponding to this window on the right side of the image.
72,window,False,False,"The RGB image does not show any visible 'window'. The bright vertical element on the right appears to be a door frame or a wall partition, not a window. Since no 'window' is present, the similarity map should ideally show low similarity (dark/purple) everywhere. However, the map displays several bright yellow/green areas, incorrectly indicating high similarity to 'window' in locations where no window exists."
73,window,False,False,"The RGB image does not contain a 'window' in the traditional sense (an opening to the outside or a clear pane for viewing). The object on the right is a frosted glass interior partition or door. The similarity map incorrectly shows high similarity (yellow) in the region of this frosted glass partition, suggesting it misidentifies it as a 'window'."
74,window,False,False,"The RGB image does not show a 'window'. The scene depicts an office chair, a trash can, and a wall/door frame. Despite the absence of a window, the similarity map shows several yellow/bright areas, particularly in the top right, indicating high similarity to 'window', which is incorrect."
75,window,False,False,"The RGB image does not contain a 'window'. Therefore, the object is not present. The similarity map incorrectly shows areas of medium to high similarity (yellow/bright green) for 'window' even though no window is visible in the scene."
76,window,False,False,"The RGB image does not contain any windows. The semantic voxel similarity map, however, shows several areas with high similarity (yellow/bright), which incorrectly suggests the presence of a window."
77,window,False,False,"The RGB image does not show any 'window'. The similarity map, however, displays yellow/bright areas indicating high similarity for 'window', which is incorrect as the object is not present in the scene."
78,window,False,False,"The RGB image does not show any window. The similarity map, however, shows several areas of high similarity (yellow), particularly on the right side, which incorrectly suggests the presence of a window."
79,window,False,False,"The RGB image does not show a 'window'. The similarity map, however, displays several bright yellow areas, indicating high similarity to 'window' in various locations, which is incorrect as no window is present."
