frame_index,query,object_present,map_correct,reasoning
0,ball,False,False,"There is no ball present in the RGB frame. The similarity map does not have any yellow areas that would correspond to the location of a ball, indicating that the map is not correctly highlighting the object's location."
1,ball,False,False,"There is no ball present in the RGB frame. The similarity map does not show any yellow areas that would correspond to the location of a ball, indicating that the map is not correctly highlighting the object's location."
2,ball,False,False,"There is no ball present in the RGB frame. The similarity map does not have any yellow areas that would correspond to the location of a ball, indicating that it is not correctly highlighting the object's location."
3,ball,False,False,"There is no ball present in the RGB frame. The similarity map does not have any yellow areas that would correspond to the location of a ball, indicating that it is not correctly highlighting the object's location."
4,ball,False,False,"There is no ball present in the RGB frame. The similarity map does not have any yellow areas that would correspond to the location of a ball, indicating that it is not correctly highlighting the object's location."
5,ball,False,False,"There is no ball present in the RGB frame. The similarity map does not show any yellow areas that would correspond to the presence of a ball, indicating that the map is not correctly highlighting the object's location."
6,ball,False,False,"There is no ball present in the RGB frame, so it cannot be assessed if the similarity map correctly shows high similarity where the ball is located."
7,ball,False,False,"There is no ball present in the RGB frame, so it cannot be assessed if the similarity map correctly shows high similarity where the ball is located."
8,ball,False,False,"There is no ball present in the RGB frame, so it cannot be assessed if the similarity map correctly highlights its location."
9,ball,False,False,"There is no ball present in the RGB frame, so it cannot be assessed if the similarity map correctly shows high similarity where the ball is located."
10,ball,False,False,"There is no ball present in the RGB image. The similarity map does not have any yellow areas that would correspond to the location of a ball, indicating that it is not correctly highlighting the object's location."
11,ball,False,False,There is no ball present in the RGB frame. The similarity map does not have any yellow areas that would correspond to the location of a ball in the scene.
12,ball,False,False,"There is no ball visible in the RGB frame. The similarity map does not have any yellow areas that would correspond to the location of a ball, indicating that the map is not correctly highlighting the presence of a ball."
13,ball,False,False,"There is no ball present in the RGB frame. The similarity map does not show any yellow areas that would correspond to the location of a ball, indicating that the map is not correctly highlighting the object's location."
14,ball,False,False,"There is no ball present in the RGB frame. The similarity map does not show any yellow areas that would correspond to the location of a ball, indicating that the map is not correctly highlighting the object's location."
15,ball,False,False,"There is no ball present in the RGB frame. The similarity map does not show any yellow areas that would correspond to the location of a ball, indicating that the map is not correctly highlighting the object's location."
16,ball,False,False,"There is no ball present in the RGB frame. The similarity map does not show any yellow areas that would correspond to the location of a ball, indicating that the map is not correctly highlighting the object's location."
17,ball,False,False,"There is no ball present in the RGB image. The similarity map does not show any yellow areas that would correspond to the location of a ball, indicating that the map is not correctly highlighting the object's location."
18,ball,False,False,"There is no ball present in the RGB image. The similarity map does not have any yellow areas that would correspond to the location of a ball, indicating that it is not correctly highlighting the object's location."
19,ball,False,False,"There is no ball present in the RGB image. The similarity map does not show any yellow areas that would correspond to the location of a ball, indicating that the map is not correctly highlighting the object's location."
20,ball,False,False,"There is no ball present in the RGB frame. The similarity map does not show any yellow areas that would correspond to the location of a ball, indicating that the map is not correctly highlighting the object's location."
21,ball,False,False,"There is no ball visible in the RGB frame. The similarity map does not have any yellow areas that would correspond to the location of a ball, indicating that the map is not correctly highlighting the presence of a ball."
22,ball,False,False,"There is no ball present in the RGB image. The similarity map does not have any yellow areas that would correspond to the location of a ball, indicating that it is not correctly highlighting the object's location."
23,ball,False,False,"There is no ball present in the RGB image. The similarity map does not have any yellow areas that would correspond to the location of a ball, indicating that it is not correctly highlighting the object's location."
24,ball,False,False,"There is no ball present in the RGB image. The similarity map does not show any yellow areas that would correspond to the location of a ball, as there is no ball in the scene."
25,ball,False,False,"There is no ball present in the RGB frame. The similarity map does not have any yellow areas that would correspond to the location of a ball, indicating that the map is not correctly highlighting the object's location."
26,ball,False,False,"There is no ball present in the RGB frame. The similarity map does not show any yellow areas that would correspond to the location of a ball, indicating that it is not correctly highlighting the object's location."
27,ball,False,False,"There is no ball present in the RGB image. Therefore, it is not possible for the similarity map to correctly highlight the location of a ball since there is none to begin with."
28,ball,False,False,"There is no ball present in the RGB frame. The similarity map does not have any yellow areas that would correspond to the location of a ball, indicating that it is not correctly highlighting the object's location."
29,ball,False,False,"There is no ball visible in the RGB frame. The similarity map does not have any yellow areas that would correspond to the location of a ball, indicating that the map is not correctly highlighting the presence of a ball."
30,ball,False,False,"There is no ball present in the RGB image. The similarity map does not have any yellow areas that would correspond to the location of a ball, indicating that it is not correctly highlighting the object's location."
31,ball,False,False,There is no ball present in the RGB image. The similarity map does not correspond to any object that could be identified as a ball.
32,ball,False,False,"There is no ball present in the RGB image. The similarity map does not have any yellow areas that would correspond to the location of a ball, indicating that it is not correctly highlighting the object's location."
33,ball,False,False,"There is no ball present in the RGB frame. The similarity map does not have any yellow areas that would correspond to the location of a ball, indicating that it is not correctly highlighting the object's location."
34,ball,False,False,"There is no ball present in the RGB frame. The similarity map does not show any yellow areas that would correspond to the presence of a ball, indicating that the map is not correctly highlighting the object's location."
35,ball,False,False,There is no ball present in the RGB image. The similarity map does not show any yellow areas that would correspond to the location of a ball in the scene.
36,ball,False,False,"There is no ball present in the RGB frame. The similarity map does not have any yellow areas that would correspond to the location of a ball, indicating that it is not correctly highlighting the object's location."
37,ball,False,False,"There is no ball visible in the RGB frame. The similarity map does not have any yellow areas that would correspond to the presence of a ball, indicating that the map is not correctly highlighting the object's location."
38,ball,False,False,"There is no ball present in the RGB frame, so it cannot be assessed if the similarity map correctly highlights its location."
39,ball,False,False,"There is no ball present in the RGB frame, so it cannot be assessed if the similarity map correctly highlights its location."
40,ball,False,False,"There is no ball present in the RGB image. The similarity map does not show any yellow areas that would correspond to the location of a ball, indicating that the map is not correctly highlighting the object's location."
41,ball,False,False,"There is no ball visible in the RGB frame. The similarity map does not have any yellow areas that would correspond to the presence of a ball, as it appears to be uniformly green with some blue tones indicating low similarity."
42,ball,False,False,"There is no ball present in the RGB image. The similarity map does not have any yellow areas that would correspond to the location of a ball, indicating that it is not correctly highlighting the object's location."
43,ball,False,False,There is no ball present in the RGB image. The similarity map does not have any yellow areas that would correspond to the location of a ball in the scene.
44,ball,False,False,There is no ball present in the RGB frame. The similarity map does not show any yellow areas that would correspond to the location of a ball in the scene.
45,ball,False,False,"There is no ball present in the RGB frame, so it cannot be assessed if the similarity map correctly highlights its location."
46,ball,False,False,"There is no ball present in the RGB image, so it cannot be assessed if the similarity map correctly shows high similarity where the ball is located."
47,ball,False,False,"There is no ball present in the RGB image. The similarity map does not have any yellow areas that would correspond to the location of a ball, indicating that it is not correctly highlighting the object's location."
48,ball,False,False,"There is no ball present in the RGB frame. The similarity map does not show any yellow areas that would correspond to the location of a ball, indicating that the map is not correctly highlighting the object's location."
49,ball,False,False,"There is no ball present in the RGB frame. The similarity map does not show any yellow areas that would correspond to the location of a ball, indicating that it is not correctly highlighting the object's location."
50,ball,False,False,"There is no ball present in the RGB image. The similarity map does not have any yellow areas that would correspond to the location of a ball, indicating that it is not correctly highlighting the object's location."
51,ball,False,False,"There is no ball present in the RGB image. The similarity map does not have any yellow areas that would correspond to the location of a ball, indicating that it is not correctly highlighting the object's location."
52,ball,False,False,"There is no ball present in the RGB frame, so it cannot be assessed if the similarity map correctly shows high similarity where the ball is located."
53,ball,False,False,"There is no ball present in the RGB frame, so it cannot be assessed if the similarity map correctly highlights its location."
54,ball,False,False,"There is no ball present in the RGB image, so it cannot be assessed if the similarity map correctly highlights its location."
55,ball,False,False,"There is no ball present in the RGB image. The similarity map does not have any yellow areas that would correspond to the location of a ball, indicating that it is not correctly highlighting the object's location."
56,ball,False,False,"There is no ball present in the RGB image. The similarity map does not have any yellow areas that would correspond to the location of a ball, as there is no ball in the scene."
57,ball,False,False,"There is no ball present in the RGB frame, so it cannot be assessed if the similarity map correctly highlights its location."
58,ball,False,False,"There is no ball present in the RGB image. Therefore, it is impossible for the similarity map to correctly highlight the location of a non-existent object."
59,ball,False,False,"There is no ball present in the RGB image, so it cannot be assessed if the similarity map correctly highlights its location."
60,ball,False,False,"There is no ball visible in the RGB frame. The similarity map does not have any yellow areas that would correspond to the presence of a ball, indicating that the map is not correctly highlighting the object's location."
61,ball,False,False,"There is no ball visible in the RGB frame, so it cannot be determined if the similarity map correctly shows high similarity where the ball would be located."
62,ball,False,False,"There is no ball visible in the RGB image, so it cannot be assessed if the similarity map correctly shows high similarity where the ball is located."
63,ball,False,False,"There is no ball visible in the RGB frame. The similarity map does not show any yellow areas that would correspond to the location of a ball, indicating that the map is not correctly highlighting the object's location."
64,ball,False,False,"There is no ball present in the RGB image. Therefore, it is not possible for the similarity map to correctly highlight the location of a ball since there is none to begin with."
65,ball,False,False,"There is no ball present in the RGB frame. The similarity map does not show any yellow areas that would indicate high similarity with a ball, as there is no ball to begin with."
66,ball,False,False,There is no ball present in the RGB frame. The similarity map does not show any yellow areas that would correspond to the location of a ball in the scene.
67,ball,False,False,"There is no ball visible in the RGB frame. The similarity map does not show any yellow areas that would correspond to the presence of a ball, indicating that the map is not correctly highlighting the object's location."
68,ball,False,False,"There is no ball present in the RGB image. Therefore, it is not possible for the similarity map to correctly highlight the location of a ball since there is none to begin with."
69,ball,False,False,"There is no ball present in the RGB image. The similarity map does not show any yellow areas that would correspond to the location of a ball, indicating that the map is not correctly highlighting the object's location."
70,ball,False,False,"There is no ball present in the RGB image. The similarity map does not show any yellow areas that would correspond to the location of a ball, indicating that the map is not correctly highlighting the object's location."
71,ball,False,False,"There is no ball present in the RGB image. The similarity map does not have any yellow areas that would correspond to the location of a ball, indicating that it is not correctly highlighting the object's location."
72,ball,False,False,"There is no ball present in the RGB image. The similarity map does not have any yellow areas that would correspond to the location of a ball, indicating that it is not correctly highlighting the object's location."
73,ball,False,False,"There is no ball present in the RGB image. The similarity map does not have any yellow areas that would correspond to the location of a ball, indicating that it is not correctly highlighting the object's location."
74,ball,False,False,"There is no ball present in the RGB image. The similarity map does not have any yellow areas that would correspond to the location of a ball, indicating that it is not correctly highlighting the object's location."
75,ball,False,False,"There is no ball visible in the RGB frame. The similarity map does not have any yellow areas that would correspond to the location of a ball, indicating that the map is not correctly highlighting the presence of a ball."
76,ball,False,False,"There is no ball present in the RGB image. The similarity map does not have any yellow areas that would correspond to the location of a ball, indicating that it is not correctly highlighting the object's location."
77,ball,False,False,"There is no ball visible in the RGB image. The similarity map does not show any yellow areas that would correspond to the presence of a ball, indicating that the map is not correctly highlighting the object's location."
78,ball,False,False,"There is no ball present in the RGB image. Therefore, it is impossible for the similarity map to correctly highlight the location of a non-existent object."
79,ball,False,False,"There is no ball present in the RGB image. The similarity map does not show any yellow areas that would correspond to the location of a ball, indicating that the map is not correctly highlighting the object's location."
0,door,False,False,There is no door visible in the RGB frame. The similarity map does not have any yellow areas that would correspond to the location of a door in the scene.
1,door,False,False,"There is no door visible in the RGB frame. The similarity map does not have any yellow areas that would correspond to a door, indicating that it is not correctly highlighting the object's location."
2,door,False,False,"There is no door visible in the RGB frame. The similarity map does not have any yellow areas that would correspond to the location of a door, indicating that it is not correctly highlighting the object's location."
3,door,False,False,"There is no door visible in the RGB frame. The similarity map does not correspond to any recognizable object in the scene, making it impossible to determine if the map correctly highlights the location of a door."
4,door,False,False,There is no door visible in the RGB frame. The similarity map does not correspond to any recognizable object in the scene.
5,door,False,False,"There is no door visible in the RGB frame. The similarity map does not show any yellow areas that would correspond to a door, indicating that the map is not correctly highlighting the presence of a door."
6,door,False,False,"There is no door visible in the RGB frame. The similarity map does not have any yellow areas that would correspond to the location of a door, indicating that the map is not correctly highlighting the presence of a door."
7,door,False,False,"There is no door visible in the RGB frame. The similarity map does not have any yellow areas that would correspond to a door, as it appears to be mostly green and blue, indicating low similarity across the entire image."
8,door,False,False,"There is no door visible in the RGB frame. The similarity map does not show any yellow areas that would correspond to a door, indicating that the map is not correctly highlighting the object's location."
9,door,False,False,"There is no door visible in the RGB frame. The similarity map does not show any yellow areas that would correspond to a door, indicating that the map is not correctly highlighting the object's location."
10,door,False,False,There is no door visible in the RGB frame. The similarity map does not show any yellow areas that would correspond to the presence of a door.
11,door,False,False,There is no door visible in the RGB frame. The similarity map does not show any yellow areas that would correspond to the location of a door in the scene.
12,door,True,False,"The RGB image shows a door in the bottom right corner. However, the similarity map does not highlight any area with high similarity (yellow) that corresponds to the door in the RGB image. Instead, the yellow areas appear to be scattered and do not align with the door."
13,door,True,False,"The RGB image shows a door in the foreground, which is consistent with the presence of a 'door'. However, the similarity map does not correctly highlight the door as the area of high similarity (yellow) is not aligned with the door in the RGB image. Instead, it appears to be highlighting a different part of the scene."
14,door,True,False,"The RGB image shows a door in the scene, which is correctly identified by the presence of a wooden panel with a handle. However, the similarity map does not accurately highlight the door. The yellow areas do not correspond to the location of the door in the RGB image; instead, they seem to be scattered across the image without any clear pattern that aligns with the door's position."
15,door,True,True,"The RGB image shows a door with a wooden panel and a frosted glass section. The similarity map has a bright yellow area directly over the wooden part of the door, indicating high similarity, which aligns with the presence of the door in the scene."
16,door,True,False,"The RGB image shows a door in the scene, which is consistent with the object being analyzed. However, the similarity map does not correctly highlight the door as the area of high similarity (yellow) is not aligned with the door in the RGB image. Instead, it appears to be highlighting a different part of the scene."
17,door,True,False,"The RGB image shows a door in the background. The similarity map does not correctly highlight the door with yellow areas, indicating that it does not accurately represent the location of the door."
18,door,False,False,"There is no door visible in the RGB frame, so it cannot be assessed if the similarity map correctly highlights its location."
19,door,False,False,"There is no door visible in the RGB image. The similarity map does not have any yellow areas that would correspond to the location of a door, indicating that it is not correctly highlighting the object's location."
20,door,False,False,"There is no door visible in the RGB frame. The similarity map does not have any yellow areas that would correspond to a door, indicating that it is not correctly highlighting the object's location."
21,door,False,False,There is no door visible in the RGB image. The similarity map does not correspond to any recognizable object in the scene.
22,door,False,False,"There is no door visible in the RGB image. The similarity map does not have any yellow areas that would correspond to the location of a door, indicating that it is not correctly highlighting the object's location."
23,door,False,False,"There is no door visible in the RGB image. The similarity map does not show any yellow areas that would correspond to a door, as it appears to be a uniform distribution with no distinct patterns indicating high similarity."
24,door,False,False,"There is no door visible in the RGB frame. The similarity map does not show any yellow areas that would correspond to a door, indicating that the map is not correctly highlighting the presence of a door."
25,door,False,False,"There is no door visible in the RGB frame. The similarity map does not show any yellow areas that would correspond to a door, indicating that the map is not correctly highlighting the presence of a door."
26,door,False,False,"There is no door visible in the RGB frame. The similarity map does not show any yellow areas that would correspond to a door, indicating that the map is not correctly highlighting the presence of a door."
27,door,False,False,"There is no door visible in the RGB image. The similarity map does not show any yellow areas that would correspond to a door, indicating that the map is not correctly highlighting the object's location."
28,door,False,False,There is no door visible in the RGB frame. The similarity map does not correspond to any object that could be identified as a door.
29,door,False,False,"There is no door visible in the RGB image. The similarity map does not have any yellow areas that would correspond to a door, indicating that it is not correctly highlighting the object's location."
30,door,False,False,"There is no door visible in the RGB image. The similarity map does not have any yellow areas that would correspond to a door, indicating that it is not correctly highlighting the object's location."
31,door,False,False,There is no door visible in the RGB image. The similarity map does not have any yellow areas that would correspond to the location of a door in the scene.
32,door,False,False,There is no door visible in the RGB frame. The similarity map does not have any yellow areas that would correspond to the location of a door in the scene.
33,door,True,False,"The RGB image shows a door on the right side of the frame. The similarity map does not correctly highlight the door as the yellow areas do not align with the door's location in the RGB image. Instead, the yellow areas seem to be concentrated in a different part of the image."
34,door,True,False,"The RGB image shows a door on the right side of the frame. The similarity map does not correctly highlight the door as the yellow areas do not align with the door's location in the RGB image. Instead, the yellow areas seem to be concentrated in a different part of the image."
35,door,True,False,"The RGB image shows a door in the scene, which is consistent with the object being analyzed. However, the similarity map does not correctly highlight the door as the area with high similarity (yellow). Instead, it appears that the map is showing some other object or feature with high similarity."
36,door,True,False,"The RGB image shows a door on the left side of the frame. However, the similarity map does not highlight any area with high similarity (yellow) that corresponds to the location of the door in the RGB image. Instead, it appears to be mostly green and blue, indicating low similarity across most of the image."
37,door,False,False,There is no door visible in the RGB frame. The similarity map does not have any yellow areas that would correspond to the location of a door in the scene.
38,door,False,False,There is no door visible in the RGB frame. The similarity map does not have any yellow areas that would correspond to the location of a door in the scene.
39,door,False,False,"There is no door visible in the RGB frame. The similarity map does not have any yellow areas that would correspond to a door, as it appears to be a uniform green with some darker areas indicating lower similarity."
40,door,False,False,"There is no door visible in the RGB image. The similarity map does not have any yellow areas indicating high similarity, which suggests that there is no object being highlighted as a 'door'. Therefore, both the presence of the object and the correctness of the map are false."
41,door,False,False,"There is no door visible in the RGB frame. The similarity map does not have any yellow areas that would correspond to a door, indicating that it is not correctly highlighting the object's location."
42,door,False,False,"There is no door visible in the RGB image. The similarity map does not have any yellow areas that would correspond to the location of a door, indicating that it is not correctly highlighting the object's location."
43,door,False,False,"There is no door visible in the RGB frame. The similarity map does not show any yellow areas that would correspond to a door, indicating that the map is not correctly highlighting the object's location."
44,door,False,False,"There is no door visible in the RGB frame. The similarity map does not show any yellow areas that would correspond to a door, as it appears to be mostly green with some darker areas indicating lower similarity."
45,door,False,False,"There is no door visible in the RGB frame. The similarity map does not show any yellow areas that would correspond to a door, indicating that the map is not correctly highlighting the object's location."
46,door,False,False,"There is no door visible in the RGB image. The similarity map does not show any yellow areas that would correspond to a door, as it appears to be uniformly green with some darker shades indicating lower similarity."
47,door,False,False,"There is no door visible in the RGB image. The similarity map does not show any yellow areas that would correspond to a door, as it appears to be uniformly green with some darker shades indicating lower similarity."
48,door,False,False,"There is no door visible in the RGB frame. The similarity map does not show any yellow areas that would correspond to a door, as it appears to be uniformly green with no distinct patterns or colors indicating high similarity."
49,door,False,False,"There is no door visible in the RGB frame, so it cannot be assessed if the similarity map correctly highlights its location."
50,door,False,False,"There is no door visible in the RGB image. The similarity map does not show any yellow areas that would correspond to a door, as it appears to be uniformly green with some darker shades indicating lower similarity."
51,door,False,False,"There is no door visible in the RGB image. The similarity map does not have any yellow areas that would correspond to a door, as it appears to be a uniform green color indicating low similarity across the entire image."
52,door,False,False,"The RGB image shows a plain wall with no visible door. The similarity map does not have any yellow areas indicating high similarity, which suggests that there is no 'door' detected in the scene."
53,door,False,False,"The RGB image shows two whiteboards, not a door. The similarity map does not have any yellow areas indicating high similarity, which suggests that the map is not correctly highlighting the location of a door."
54,door,False,False,"There is no door visible in the RGB frame. The similarity map does not have any yellow areas that would correspond to the location of a door, indicating that it is not correctly highlighting the object's location."
55,door,False,False,"There is no door visible in the RGB frame. The similarity map does not have any yellow areas that would correspond to the location of a door, indicating that it is not correctly highlighting the object's location."
56,door,False,False,"There is no door visible in the RGB frame, so it cannot be assessed if the similarity map correctly highlights its location."
57,door,False,False,"The RGB image shows a ceiling with no visible door. The similarity map does not have any yellow areas indicating high similarity, which suggests that there is no 'door' present in the scene."
58,door,True,False,The RGB image shows a door on the right side of the frame. The similarity map does not accurately highlight the door as the yellow areas do not align with the door's location in the RGB image.
59,door,False,False,There is no door visible in the RGB image. The similarity map does not have any yellow areas that would correspond to the location of a door in the scene.
60,door,False,False,"There is no door visible in the RGB image. The similarity map does not have any yellow areas that would correspond to a door, indicating that it is not correctly highlighting the object's location."
61,door,True,True,"The RGB image shows a door on the left side of the room. The similarity map has bright yellow areas concentrated around the same region as the door in the RGB image, indicating high similarity, which suggests that the map correctly highlights the location of the door."
62,door,True,False,"The RGB image clearly shows a door in the scene. The similarity map, however, does not accurately highlight the door with yellow areas. Instead, it appears that the map is showing a different distribution of similarities, possibly due to the way the similarity metric was applied or the specific features used for comparison."
63,door,True,False,"The RGB image shows a door in the scene, which is consistent with the object being analyzed in the similarity map. However, the similarity map does not correctly highlight the door's location. The yellow areas, indicating high similarity, do not align with the door in the RGB image."
64,door,True,False,"The RGB image clearly shows a door, which is the object we are looking for. However, the similarity map does not correctly highlight the door. The yellow areas, which should indicate high similarity, are scattered across the image without a clear pattern that corresponds to the door's location."
65,door,True,False,"The RGB image clearly shows a door, which is the object we are looking for. However, the similarity map does not correctly highlight the door. The yellow areas, which should indicate high similarity, are scattered and do not align with the location of the door in the RGB image."
66,door,True,False,"The RGB image shows a door, which is a plausible object to be detected by a similarity map for 'door'. However, the similarity map does not correctly highlight the door as the yellow areas do not align with the door's location in the RGB image. Instead, the yellow areas seem to be scattered across the image without a clear pattern that corresponds to the door."
67,door,True,False,"The RGB image shows a door on the right side of the frame. The similarity map does not correctly highlight the door with yellow areas; instead, it shows a mix of colors without clear correspondence to the door's location."
68,door,True,False,"The RGB image shows a door with frosted glass, which is consistent with the presence of a door. However, the similarity map does not correctly highlight the door as the area of high similarity (yellow) is not aligned with the door in the RGB image. Instead, it appears to be highlighting a different part of the scene."
69,door,False,False,"There is no door visible in the RGB frame. The similarity map does not have any yellow areas that would correspond to the location of a door, indicating that the map is not correctly highlighting the presence of a door."
70,door,False,False,"There is no door visible in the RGB image. The similarity map does not have any yellow areas that would correspond to a door, indicating that it is not correctly highlighting the object's location."
71,door,False,False,"There is no door visible in the RGB image. The similarity map does not show any yellow areas that would correspond to a door, as it appears to be a random distribution with no clear pattern indicating the presence of an object."
72,door,False,False,There is no door visible in the RGB image. The similarity map does not have any yellow areas that would correspond to the location of a door in the scene.
73,door,False,False,"There is no door visible in the RGB image. The similarity map does not have any yellow areas that would correspond to a door, indicating that it is not correctly highlighting the object's location."
74,door,False,False,"There is no door visible in the RGB image. The similarity map does not have any yellow areas that would correspond to the location of a door, indicating that it is not correctly highlighting the object's location."
75,door,False,False,"There is no door visible in the RGB image. The similarity map does not have any yellow areas that would correspond to a door, indicating that it is not correctly highlighting the object's location."
76,door,False,False,"There is no door visible in the RGB image. The similarity map does not have any yellow areas that would correspond to a door, indicating that it is not correctly highlighting the object's location."
77,door,False,False,"There is no door visible in the RGB image. The similarity map does not have any yellow areas that would correspond to a door, indicating that it is not correctly highlighting the object's location."
78,door,False,False,There is no door visible in the RGB image. The similarity map does not have any yellow areas that would correspond to the location of a door in the scene.
79,door,False,False,"There is no door visible in the RGB image. The similarity map does not have any yellow areas that would correspond to a door, indicating that it is not correctly highlighting the object's location."
0,floor,True,False,"The RGB image shows a room with a floor that appears to be carpeted or tiled. The similarity map does not correctly highlight the floor area as yellow, which would indicate high similarity. Instead, the map shows a mix of colors without clear distinction, suggesting it may not be accurately representing the floor."
1,floor,False,False,"There is no floor visible in the RGB frame, so it cannot be assessed if the similarity map correctly shows high similarity where the floor should be."
2,floor,True,False,"The RGB image shows a room with a table and chairs, indicating that a floor is present. However, the similarity map does not show any yellow areas that would correspond to the floor in the RGB image. Instead, it appears to be mostly green and blue, which suggests low similarity across most of the image."
3,floor,True,False,"The RGB image shows a room with a table and chairs, indicating that a floor is present. However, the similarity map does not clearly highlight any area as having high similarity (yellow areas) corresponding to the floor in the RGB image. Instead, it appears to be a random pattern without any clear spatial correlation."
4,floor,True,False,"The RGB image shows a room with a table, chairs, and a wall-mounted screen. The floor is not visible in the image as it is covered by the furniture and the camera angle does not show it. Therefore, the presence of a 'floor' cannot be confirmed from the RGB image alone. However, if we assume that the floor is present but not visible, the similarity map should ideally show high similarity (yellow areas) under the table and around the edges of the room where the floor would be. The current map does not show any significant yellow areas indicating high similarity, which suggests that the map is not correctly highlighting the location of the 'floor'."
5,floor,True,False,"The RGB image shows a room with a floor, chair, table, and a TV mounted on the wall. The similarity map does not correctly highlight the floor area as yellow, indicating high similarity. Instead, it appears that the map is showing some other object or feature with high similarity, which is not the floor."
6,floor,False,False,"There is no floor visible in the RGB frame, so it cannot be assessed if the similarity map correctly shows high similarity where the floor should be."
7,floor,False,False,"The RGB image shows a corner of a room with walls and a ceiling, but no floor is visible. Therefore, there is no 'floor' present in the scene to be highlighted by the similarity map. The similarity map does not correspond to any object in the RGB image."
8,floor,False,False,"The RGB image shows a ceiling with no visible floor. The similarity map does not have any yellow areas indicating high similarity, which suggests that the object 'floor' is not present in the scene."
9,floor,False,False,"The RGB image shows a ceiling with a light fixture, not a floor. The similarity map does not have any yellow areas indicating high similarity, which suggests that the object 'floor' is not present or not correctly identified in the map."
10,floor,False,False,"The first image shows a ceiling with no visible floor. The second image is a semantic voxel similarity map for the object 'floor', but it does not match any part of the first image as there is no floor present."
11,floor,False,False,"The first image shows a ceiling with fluorescent lights, but there is no floor visible. The second image is a semantic voxel similarity map for the object 'floor', which should ideally show high similarity (yellow areas) over the floor region if it were present. However, since the floor is not visible in the first image, the map cannot be evaluated for correctness as there is no ground truth for comparison."
12,floor,False,False,"The RGB image shows a ceiling with fluorescent lights and part of a door, but no floor is visible. The similarity map does not correspond to any floor-like features, as it appears to be a generic voxel similarity map without specific object detection."
13,floor,False,False,"The first image shows a ceiling with no visible floor. The second image is a similarity map for the object 'floor', but it does not show any yellow areas indicating high similarity in the region where the floor would be expected in the first image."
14,floor,False,False,"The RGB image shows a room with doors and walls, but no floor is visible. Therefore, there is no 'floor' present in the scene to be highlighted by the similarity map. The similarity map does not have any yellow areas that would correspond to the location of a floor in the RGB image."
15,floor,True,False,"The RGB image shows a floor with a door and a chair, indicating that a 'floor' is indeed present. However, the similarity map does not correctly highlight the floor area as yellow, which would indicate high similarity. Instead, the yellow areas seem to be concentrated on the lower left corner of the image, which does not correspond to the floor in the RGB image."
16,floor,True,False,"The RGB image shows a floor with a carpeted surface, which is consistent with the presence of a floor. However, the similarity map does not accurately highlight the floor area as the yellow regions, indicating high similarity, are scattered and do not align with the floor's location in the RGB image."
17,floor,True,False,"The RGB image shows a floor with a chair and a door, indicating that a 'floor' is indeed present. However, the similarity map does not correctly highlight the floor area as yellow, which would indicate high similarity. Instead, the yellow areas seem to be concentrated in the center of the image, which might not correspond to the floor."
18,floor,True,True,"The RGB image shows a floor with a chair and part of a table, indicating that a 'floor' is indeed present. The similarity map shows high similarity (yellow areas) concentrated around the lower part of the image, which corresponds to the floor area in the RGB image."
19,floor,True,False,"The RGB image shows a floor with a table and chairs, indicating that a 'floor' is indeed present. However, the similarity map does not correctly highlight the floor area as yellow, which would indicate high similarity. Instead, the yellow areas seem to be scattered and do not align with the floor region in the RGB image."
20,floor,True,False,"The RGB image shows a room with a table and chairs, indicating that a floor is present. However, the similarity map does not correctly highlight the floor area. Instead, it appears to be showing some other pattern or feature, which is not consistent with the expected high similarity for the floor."
21,floor,True,False,"The RGB image shows a table with chairs around it, which suggests the presence of a floor beneath the table. However, the similarity map does not show any clear high-similarity (yellow) areas that correspond to the floor in the RGB image. Instead, the map appears to be mostly green and blue, indicating low similarity across most of the area."
22,floor,True,False,"The RGB image shows a conference room with a table and chairs, indicating that a floor is indeed present. However, the similarity map does not correctly highlight the floor area. Instead, it seems to be highlighting another object or surface, possibly due to a misalignment or incorrect labeling in the map."
23,floor,True,False,"The RGB image shows a floor with a carpeted surface, which is consistent with the presence of a floor. However, the similarity map does not accurately highlight the floor area as yellow, indicating high similarity. Instead, it shows a mix of colors that do not clearly correspond to the floor in the RGB image."
24,floor,True,False,"The RGB image shows a floor with a carpeted surface, which is consistent with the presence of a 'floor'. However, the similarity map does not correctly highlight the floor area as yellow, indicating high similarity. Instead, the yellow areas appear to be scattered and do not align with the floor region in the RGB image."
25,floor,True,False,"The RGB image shows a floor with a carpeted surface, which is consistent with the presence of a floor. However, the similarity map does not correctly highlight the floor area as yellow, indicating high similarity. Instead, the yellow areas appear to be scattered and do not align with the floor region in the RGB image."
26,floor,True,False,"The RGB image shows a floor with a carpeted surface, which is consistent with the presence of a floor. However, the similarity map does not accurately highlight the floor area. Instead, it seems to be highlighting other objects or surfaces that are not the floor."
27,floor,False,False,"The RGB image shows a room with a table, chairs, and a TV mounted on the wall. There is no visible floor in the image, so it cannot be determined if the 'floor' object is present or not. The similarity map does not provide any information about the presence of a floor since it is a generic voxel similarity map without specific labeling."
28,floor,False,False,"There is no floor visible in the RGB image, so it cannot be assessed if the similarity map correctly shows high similarity where the floor should be."
29,floor,False,False,"The RGB image shows a table with some items on it, but there is no visible floor. The similarity map does not have any yellow areas that would correspond to the floor in the scene, indicating that the map is not correctly highlighting the object's location."
30,floor,False,False,"There is no floor visible in the RGB image, so it cannot be assessed if the similarity map correctly shows high similarity where the floor should be."
31,floor,False,False,"The first image shows a table with various items on it, but there is no visible floor. The second image is a semantic voxel similarity map for the object 'floor', which should ideally show high similarity (yellow areas) over the ground surface. However, since there is no floor in the first image, the map cannot be correct as it does not correspond to any actual floor in the scene."
32,floor,True,False,"The RGB image shows a wooden table with various items on it, which suggests that there is indeed a 'floor' beneath the table. However, the similarity map does not correctly highlight the area under the table as having high similarity (yellow areas), indicating that the map is not accurately representing the presence of the floor."
33,floor,True,False,"The RGB image shows a scene with a floor visible in front of a door. The similarity map does not correctly highlight the floor area as yellow, indicating high similarity. Instead, the yellow areas appear to be scattered and do not align with the floor in the RGB image."
34,floor,False,False,"There is no floor visible in the RGB image, so it cannot be assessed if the similarity map correctly shows high similarity where the floor should be."
35,floor,False,False,"The first image shows an indoor scene with a door and walls, but no floor is visible. Therefore, there is no 'floor' to assess the similarity map against. The second image appears to be a general similarity map without any specific object like 'floor' indicated by the color coding."
36,floor,False,False,"The first image shows a ceiling with no visible floor. The second image is a semantic voxel similarity map for the object 'floor', but it does not match any part of the first image. Therefore, there is no 'floor' present in the scene, and the similarity map cannot be correct as it does not correspond to any object in the first image."
37,floor,False,False,"The first image shows a ceiling with no floor visible. The second image is a semantic voxel similarity map for the object 'floor', but it does not match the scene in the first image as there is no floor present."
38,floor,False,False,"The first image shows a ceiling with no floor visible. The second image is a semantic voxel similarity map for the object 'floor', but it does not contain any yellow areas indicating high similarity, which suggests that the object 'floor' is not present in the scene."
39,floor,False,False,"The RGB image shows a ceiling and walls, but no floor is visible. The similarity map does not have any yellow areas indicating high similarity, which suggests that the object 'floor' is not present or not correctly identified in the map."
40,floor,False,False,"The RGB image shows a corner of a room with walls and a ceiling, but no floor is visible. Therefore, there is no 'floor' present in the scene to be highlighted by the similarity map. The similarity map does not have any yellow areas that would correspond to the location of a floor in the RGB image."
41,floor,False,False,"There is no floor visible in the RGB frame, so it cannot be assessed if the similarity map correctly shows high similarity where the floor should be."
42,floor,True,True,"The RGB image shows a floor with a dark surface, which is consistent with the presence of a floor. The similarity map shows a bright yellow area in the lower part of the image, indicating high similarity, which corresponds to the location of the floor in the RGB image."
43,floor,True,True,"The RGB image shows a floor with a patterned carpet, which is consistent with the presence of a floor. The similarity map shows high similarity (yellow areas) concentrated in the lower part of the image, which corresponds to the area where the floor is located in the RGB image."
44,floor,True,True,"The RGB image shows a floor with a patterned carpet, which is consistent with the presence of a floor. The similarity map shows a large area of high similarity (yellow) in the center, which corresponds to the floor area in the RGB image."
45,floor,True,True,"The RGB image shows a carpeted floor, which is likely the 'floor' being analyzed. The similarity map has a large area of yellow, indicating high similarity, which corresponds to the floor in the RGB image."
46,floor,True,True,"The RGB image shows a carpeted floor, which is likely the 'floor' being analyzed. The similarity map has yellow areas concentrated in the lower part of the image, indicating high similarity with the 'floor' class. This matches the location of the floor in the RGB image."
47,floor,True,True,"The RGB image shows a floor with a dark surface, which is consistent with the presence of a floor. The similarity map shows a large area of high similarity (yellow) at the bottom, indicating that the floor is correctly identified and highlighted."
48,floor,True,True,"The RGB image shows a floor with a dark surface, which is consistent with the presence of a floor. The similarity map shows a large area of high similarity (yellow) in the lower part of the image, indicating that the floor is correctly identified by the map."
49,floor,True,True,"The RGB image shows a corner of a room with a floor that appears to be carpeted. The similarity map has a bright yellow area at the bottom, which corresponds to the floor in the RGB image, indicating high similarity. This suggests that the map correctly identifies the floor."
50,floor,True,True,"The RGB image shows a corner of a room with a floor that appears to be carpeted. The similarity map correctly highlights the floor area with yellow, indicating high similarity, which corresponds to the location of the floor in the RGB image."
51,floor,False,False,"There is no floor visible in the RGB image. The similarity map does not have any yellow areas that would correspond to the floor, as there is no floor present in the scene."
52,floor,False,False,"The RGB image shows a plain wall with no visible floor. The similarity map does not have any yellow areas indicating high similarity, which suggests that the object 'floor' is not present or not correctly identified in the scene."
53,floor,False,False,"The RGB image shows a corner of a room with two walls meeting at a ceiling. There is no floor visible in the image, so it cannot be determined if the 'floor' object is present or not. The similarity map does not provide any information about the presence of a floor since it only shows voxel similarity values without any reference to the actual scene."
54,floor,False,False,"There is no floor visible in the RGB image, so it cannot be assessed if the similarity map correctly shows high similarity where the floor should be."
55,floor,False,False,"The first image shows a ceiling with no floor visible. The similarity map does not have any yellow areas indicating high similarity, which suggests that there is no floor being highlighted in the map."
56,floor,False,False,"The first image shows a ceiling with no floor visible. The similarity map does not have any yellow areas indicating high similarity, which suggests that there is no floor present in the scene."
57,floor,False,False,"There is no floor visible in the RGB frame, so it cannot be assessed if the similarity map correctly shows high similarity where the floor should be."
58,floor,False,False,"The first image shows an interior space with walls and a door, but no floor is visible. Therefore, there is no 'floor' present in the scene to be highlighted by the similarity map. The second image appears to be a generic similarity map without any specific object reference, making it impossible to determine if it correctly shows high similarity for the 'floor'."
59,floor,True,False,"The RGB image shows a room with a whiteboard and a wall, which suggests that there is indeed a floor present, although it is not visible in the frame. The similarity map does not correctly highlight any area as having high similarity (yellow) that corresponds to the floor in the RGB image. Instead, the yellow areas seem to be scattered and do not align with the expected location of the floor."
60,floor,True,True,"The RGB image shows a floor with a dark surface, which is consistent with the presence of a floor. The similarity map shows yellow areas in the lower part of the image, indicating high similarity to the 'floor' class, which aligns with the location of the floor in the RGB image."
61,floor,True,False,"The RGB image shows a floor with a carpeted surface. The similarity map does not correctly highlight the floor area as yellow, which would indicate high similarity. Instead, the yellow areas appear to be scattered and do not align with the floor in the RGB image."
62,floor,True,False,"The RGB image shows a floor with a carpeted surface. The similarity map does not correctly highlight the floor area as yellow, indicating high similarity. Instead, it appears that the map is showing a different distribution of similarities, possibly due to the texture or color variations in the scene."
63,floor,True,False,"The RGB image shows a floor with a door and walls, indicating that a 'floor' is indeed present. However, the similarity map does not correctly highlight the floor area as yellow, which would indicate high similarity. Instead, the yellow areas appear to be scattered and do not align with the floor region in the RGB image."
64,floor,True,False,"The RGB image shows a floor with a door and walls, indicating that a 'floor' is indeed present. However, the similarity map does not correctly highlight the floor area as yellow, which would indicate high similarity. Instead, the yellow areas seem to be scattered and do not align with the floor region in the RGB image."
65,floor,False,False,"There is no floor visible in the RGB image, so it cannot be assessed if the similarity map correctly shows high similarity where the floor should be."
66,floor,False,False,"There is no floor visible in the RGB frame, so it cannot be assessed if the similarity map correctly shows high similarity where the floor should be."
67,floor,False,False,"There is no floor visible in the RGB frame, so it cannot be assessed if the similarity map correctly shows high similarity where the floor should be."
68,floor,False,False,"The first image shows a scene with a frosted glass door and a trash bin, but there is no visible floor. The second image is a semantic voxel similarity map for the object 'floor', which should ideally show high similarity (yellow areas) over the floor area if it were present. However, since the floor is not visible in the first image, the map cannot be assessed for correctness as there is no ground truth for comparison."
69,floor,True,False,"The RGB image shows a floor with a trash bin and part of a wall. The similarity map does not correctly highlight the floor area as yellow, indicating high similarity. Instead, it appears to be mostly green and blue, suggesting low similarity across most of the image."
70,floor,True,False,"The RGB image shows a floor with a trash bin and part of a table and chair. The similarity map does not correctly highlight the floor area as yellow, indicating high similarity. Instead, it appears to be mostly green and blue, suggesting low similarity across most of the image."
71,floor,True,False,"The RGB image shows a floor with a grey carpet texture. The similarity map does not correctly highlight the floor area as yellow, indicating high similarity. Instead, it appears that the map is showing a different distribution of colors, possibly due to a mismatch between the expected object and the actual object in the scene."
72,floor,True,False,"The RGB image shows a floor with a carpeted surface, which is consistent with the presence of a floor. However, the similarity map does not accurately highlight the floor area. Instead, it appears to be showing a more complex pattern that does not correspond to the floor in the RGB image."
73,floor,True,False,"The RGB image shows a floor with a trash bin and part of a chair. The similarity map does not correctly highlight the floor as the yellow areas do not align with the floor in the RGB image. Instead, the yellow areas seem to be scattered across the image without a clear pattern that corresponds to the floor."
74,floor,True,False,"The RGB image shows a floor with a trash bin and a chair. The similarity map does not correctly highlight the floor area as yellow, indicating high similarity. Instead, it appears that the map is not aligned with the actual object locations in the RGB image."
75,floor,True,False,"The RGB image shows a floor beneath the chair and table, which is consistent with the presence of a floor. However, the similarity map does not correctly highlight the floor area as yellow, indicating high similarity. Instead, the floor appears to be represented by a mix of green and blue hues, suggesting low similarity."
76,floor,True,False,"The RGB image shows a scene with a table and chairs, which suggests the presence of a floor. However, the similarity map does not show any yellow areas that would indicate high similarity to the 'floor', which is expected if the floor were present."
77,floor,True,False,"The RGB image shows a room with a floor that appears to be carpeted. The similarity map does not correctly highlight the floor as the yellow areas do not align with the visible floor in the RGB image. Instead, the yellow areas seem to be concentrated on the lower left corner of the image, which does not correspond to the floor."
78,floor,True,False,"The RGB image shows a scene with a table and chairs, which suggests the presence of a floor. However, the similarity map does not clearly highlight any area as having high similarity (yellow) that corresponds to the floor in the RGB image. The map appears to be more complex and does not distinctly show the floor."
79,floor,True,False,"The RGB image shows a floor with a grey carpet, which is consistent with the presence of a floor. However, the similarity map does not correctly highlight the floor area as yellow, indicating high similarity. Instead, the yellow areas appear to be scattered and do not align with the floor in the RGB image."
0,painting,False,False,There is no painting visible in the RGB frame. The similarity map does not have any yellow areas that would correspond to the location of a painting in the scene.
1,painting,False,False,There is no painting visible in the RGB frame. The similarity map does not have any yellow areas that would correspond to the location of a painting in the scene.
2,painting,False,False,"There is no painting visible in the RGB frame. The similarity map does not have any yellow areas that would correspond to the location of a painting, indicating that it is not correctly highlighting the object's location."
3,painting,False,False,There is no painting visible in the RGB frame. The similarity map does not have any yellow areas that would correspond to the presence of a painting.
4,painting,False,False,"There is no painting visible in the RGB frame. The similarity map does not have any yellow areas that would correspond to the location of a painting, indicating that it is not correctly highlighting the object's location."
5,painting,False,False,There is no painting visible in the RGB frame. The similarity map does not have any yellow areas that would correspond to the location of a painting in the scene.
6,painting,False,False,"There is no painting visible in the RGB frame. The similarity map does not have any yellow areas that would correspond to the location of a painting, indicating that the map is not correctly highlighting the presence of a painting."
7,painting,False,False,There is no painting visible in the RGB frame. The similarity map does not have any yellow areas that would correspond to the location of a painting in the scene.
8,painting,False,False,"There is no painting visible in the RGB frame. The similarity map does not have any yellow areas that would correspond to the location of a painting, indicating that the map is not correctly highlighting the presence of a painting."
9,painting,False,False,There is no painting visible in the RGB frame. The similarity map does not show any yellow areas that would correspond to the presence of a painting.
10,painting,False,False,"There is no painting visible in the RGB frame. The similarity map does not have any yellow areas that would correspond to the presence of a painting, as it appears to be a uniform green with some variations indicating different materials or objects."
11,painting,False,False,There is no painting visible in the RGB frame. The similarity map does not correspond to any object that could be identified as a painting.
12,painting,False,False,There is no painting visible in the RGB frame. The similarity map does not have any yellow areas that would correspond to the location of a painting in the scene.
13,painting,False,False,There is no painting visible in the RGB frame. The similarity map does not show any yellow areas that would correspond to the presence of a painting.
14,painting,False,False,There is no painting visible in the RGB frame. The similarity map does not show any yellow areas that would correspond to the presence of a painting.
15,painting,False,False,There is no painting visible in the RGB frame. The similarity map does not have any yellow areas that would correspond to the location of a painting in the scene.
16,painting,False,False,"There is no painting visible in the RGB frame. The similarity map does not have any yellow areas that would correspond to the location of a painting, indicating that the map is not correctly highlighting the presence of a painting."
17,painting,False,False,"There is no painting visible in the RGB frame. The similarity map does not have any yellow areas that would correspond to the location of a painting, indicating that it is not correctly highlighting the object's location."
18,painting,False,False,There is no painting visible in the RGB frame. The similarity map does not show any yellow areas that would correspond to the presence of a painting.
19,painting,False,False,There is no painting visible in the RGB frame. The similarity map does not have any yellow areas that would correspond to the presence of a painting.
20,painting,False,False,There is no painting visible in the RGB frame. The similarity map does not show any yellow areas that would correspond to the presence of a painting.
21,painting,False,False,There is no painting visible in the RGB frame. The similarity map does not have any yellow areas that would correspond to the presence of a painting.
22,painting,False,False,There is no painting visible in the RGB frame. The similarity map does not have any yellow areas that would correspond to the presence of a painting.
23,painting,False,False,There is no painting visible in the RGB frame. The similarity map does not have any yellow areas that would correspond to the presence of a painting.
24,painting,False,False,"There is no painting visible in the RGB frame. The similarity map does not have any yellow areas that would correspond to the presence of a painting, as there is no painting in the scene."
25,painting,False,False,"There is no painting visible in the RGB frame. Therefore, it cannot be determined if the similarity map correctly highlights the location of a painting."
26,painting,False,False,"There is no painting visible in the RGB frame, so it cannot be assessed if the similarity map correctly highlights its location."
27,painting,False,False,"There is no painting visible in the RGB frame. The similarity map does not have any yellow areas that would correspond to the location of a painting, indicating that it is not correctly highlighting the object's location."
28,painting,False,False,"The first image shows a room with a TV mounted on the wall, but there is no visible painting. The second image is a semantic voxel similarity map, which does not correspond to any specific object like a painting. Therefore, it cannot be assessed for correctness regarding the presence or absence of a painting."
29,painting,False,False,There is no painting visible in the RGB frame. The similarity map does not show any yellow areas that would correspond to the presence of a painting.
30,painting,False,False,There is no painting visible in the RGB frame. The similarity map does not show any yellow areas that would correspond to the presence of a painting.
31,painting,False,False,"There is no painting visible in the RGB image. The similarity map does not have any yellow areas that would correspond to the location of a painting, indicating that it is not correctly highlighting the object's location."
32,painting,False,False,There is no painting visible in the RGB frame. The similarity map does not have any yellow areas that would correspond to the presence of a painting.
33,painting,False,False,"There is no painting visible in the RGB frame. The similarity map does not have any yellow areas that would correspond to the location of a painting, indicating that the map is not correctly highlighting the presence of a painting."
34,painting,False,False,There is no painting visible in the RGB frame. The similarity map does not have any yellow areas that would correspond to the location of a painting in the scene.
35,painting,False,False,There is no painting visible in the RGB frame. The similarity map does not have any yellow areas that would correspond to the location of a painting in the scene.
36,painting,False,False,"There is no painting visible in the RGB frame, so it cannot be assessed if the similarity map correctly highlights its location."
37,painting,False,False,"There is no painting visible in the RGB frame, so it cannot be assessed if the similarity map correctly highlights its location."
38,painting,False,False,There is no painting visible in the RGB frame. The similarity map does not have any yellow areas that would correspond to the location of a painting in the scene.
39,painting,False,False,"There is no painting visible in the RGB frame. The similarity map does not have any yellow areas that would correspond to the location of a painting, indicating that it is not correctly highlighting the object's location."
40,painting,False,False,"There is no painting visible in the RGB frame. The similarity map does not have any yellow areas that would correspond to the location of a painting, indicating that it is not correctly highlighting the object's location."
41,painting,False,False,"There is no painting visible in the RGB frame. The similarity map does not have any yellow areas that correspond to the location of a painting, indicating that it is not correctly highlighting the object's location."
42,painting,False,False,There is no painting visible in the RGB frame. The similarity map does not have any yellow areas that correspond to the location of a painting in the scene.
43,painting,False,False,"There is no painting visible in the RGB frame. The similarity map does not have any yellow areas that would correspond to the location of a painting, indicating that the map is not correctly highlighting the presence of a painting."
44,painting,False,False,There is no painting visible in the RGB frame. The similarity map does not have any yellow areas that would correspond to the presence of a painting.
45,painting,False,False,"There is no painting visible in the RGB frame. The similarity map does not have any yellow areas that would correspond to the presence of a painting, indicating that the map is not correctly highlighting the object's location."
46,painting,False,False,There is no painting visible in the RGB frame. The similarity map does not have any yellow areas that would correspond to the location of a painting in the scene.
47,painting,False,False,"There is no painting visible in the RGB frame. The similarity map does not have any yellow areas that would correspond to the location of a painting, indicating that it is not correctly highlighting the object's location."
48,painting,False,False,"There is no painting visible in the RGB frame. The similarity map does not have any yellow areas that would correspond to the location of a painting, indicating that it is not correctly highlighting the object's location."
49,painting,False,False,There is no painting visible in the RGB frame. The similarity map does not have any yellow areas that would correspond to the presence of a painting.
50,painting,False,False,"There is no painting visible in the RGB image. The similarity map does not have any yellow areas that would correspond to the location of a painting, indicating that it is not correctly highlighting the object's location."
51,painting,False,False,There is no painting visible in the RGB frame. The similarity map does not have any yellow areas that correspond to the location of a painting in the scene.
52,painting,False,False,"There is no painting visible in the RGB frame, so it cannot be assessed if the similarity map correctly highlights its location."
53,painting,False,False,"There is no painting visible in the RGB frame. The similarity map does not have any yellow areas that would correspond to the location of a painting, indicating that it is not correctly highlighting the object's location."
54,painting,False,False,"There is no painting visible in the RGB frame. The similarity map does not have any yellow areas that would correspond to the location of a painting, indicating that the map is not correctly highlighting the presence of a painting."
55,painting,False,False,There is no painting visible in the RGB frame. The similarity map does not have any yellow areas that would correspond to the location of a painting in the scene.
56,painting,False,False,"There is no painting visible in the RGB frame, so it cannot be assessed if the similarity map correctly highlights its location."
57,painting,False,False,There is no painting visible in the RGB frame. The similarity map does not have any yellow areas that would correspond to the location of a painting in the scene.
58,painting,False,False,There is no painting visible in the RGB frame. The similarity map does not have any yellow areas that would correspond to the location of a painting in the scene.
59,painting,False,False,"There is no painting visible in the RGB frame. The similarity map does not have any yellow areas that would correspond to the location of a painting, as there is none present."
60,painting,True,False,"The RGB image shows a whiteboard on the wall, which could be considered a type of painting. The similarity map does not correctly highlight the whiteboard as a high-similarity area. Instead, it appears that the map is showing some other object or feature with high similarity, possibly unrelated to the whiteboard."
61,painting,False,False,"There is no painting visible in the RGB frame. The similarity map does not have any yellow areas that would correspond to the location of a painting, indicating that the map is not correctly highlighting the presence of a painting."
62,painting,False,False,There is no painting visible in the RGB frame. The similarity map does not have any yellow areas that would correspond to the location of a painting in the scene.
63,painting,False,False,There is no painting visible in the RGB frame. The similarity map does not have any yellow areas that would correspond to the location of a painting in the scene.
64,painting,False,False,There is no painting visible in the RGB frame. The similarity map does not have any yellow areas that would correspond to the presence of a painting.
65,painting,False,False,There is no painting visible in the RGB frame. The similarity map does not have any yellow areas that would correspond to the presence of a painting.
66,painting,False,False,There is no painting visible in the RGB frame. The similarity map does not have any yellow areas that would correspond to the location of a painting in the scene.
67,painting,False,False,"There is no painting visible in the RGB frame. The similarity map does not have any yellow areas that would correspond to the location of a painting, indicating that the map is not correctly highlighting the presence of a painting."
68,painting,False,False,"There is no painting visible in the RGB frame. The similarity map does not have any yellow areas that would correspond to the location of a painting, indicating that the map is not correctly highlighting the presence of a painting."
69,painting,False,False,There is no painting visible in the RGB frame. The similarity map does not have any yellow areas that would correspond to the presence of a painting.
70,painting,False,False,There is no painting visible in the RGB frame. The similarity map does not have any yellow areas that would correspond to the presence of a painting.
71,painting,False,False,There is no painting visible in the RGB frame. The similarity map does not show any yellow areas that would correspond to the presence of a painting.
72,painting,False,False,There is no painting visible in the RGB frame. The similarity map does not have any yellow areas that would correspond to the presence of a painting.
73,painting,False,False,There is no painting visible in the RGB frame. The similarity map does not have any yellow areas that would correspond to the presence of a painting.
74,painting,False,False,There is no painting visible in the RGB frame. The similarity map does not have any yellow areas that would correspond to the presence of a painting.
75,painting,False,False,There is no painting visible in the RGB frame. The similarity map does not have any yellow areas that would correspond to the presence of a painting.
76,painting,False,False,"There is no painting visible in the RGB image. The similarity map does not have any yellow areas that would correspond to the location of a painting, indicating that it is not correctly highlighting the object's location."
77,painting,False,False,There is no painting visible in the RGB image. The similarity map does not have any yellow areas that would correspond to the location of a painting in the scene.
78,painting,False,False,There is no painting visible in the RGB image. The similarity map does not have any yellow areas that would correspond to the location of a painting in the scene.
79,painting,False,False,There is no painting visible in the RGB frame. The similarity map does not have any yellow areas that would correspond to the presence of a painting.
0,sofa,False,False,"There is no sofa visible in the RGB frame. The similarity map does not show any yellow areas that would correspond to the location of a sofa, indicating that the map is not correctly highlighting the object's location."
1,sofa,False,False,There is no sofa visible in the RGB frame. The similarity map does not have any yellow areas that would correspond to the location of a sofa in the scene.
2,sofa,False,False,"There is no sofa visible in the RGB frame. The similarity map does not have any yellow areas that would correspond to the location of a sofa, indicating that it is not correctly highlighting the object's location."
3,sofa,False,False,There is no sofa visible in the RGB frame. The similarity map does not correspond to any object that could be identified as a sofa.
4,sofa,False,False,"There is no sofa visible in the RGB frame. The similarity map does not have any yellow areas that would correspond to the location of a sofa, indicating that it is not correctly highlighting the object's location."
5,sofa,False,False,"There is no sofa visible in the RGB frame. The similarity map does not show any yellow areas that would correspond to the presence of a sofa, indicating that the map is not correctly highlighting the object's location."
6,sofa,False,False,"There is no sofa present in the RGB frame. The similarity map does not show any yellow areas that would correspond to a sofa, indicating that the map is not correctly highlighting the object's location."
7,sofa,False,False,"There is no sofa visible in the RGB frame, so it cannot be assessed if the similarity map correctly highlights its location."
8,sofa,False,False,"There is no sofa visible in the RGB frame, so it cannot be confirmed if the similarity map correctly highlights its location."
9,sofa,False,False,"There is no sofa present in the RGB frame, so it cannot be assessed if the similarity map correctly highlights its location."
10,sofa,False,False,"There is no sofa visible in the RGB frame, so it cannot be assessed if the similarity map correctly highlights its location."
11,sofa,False,False,"There is no sofa visible in the RGB frame, so it cannot be assessed if the similarity map correctly highlights its location."
12,sofa,False,False,"There is no sofa visible in the RGB frame. The similarity map does not show any yellow areas that would correspond to the presence of a sofa, indicating that the map is not correctly highlighting the object's location."
13,sofa,False,False,"There is no sofa visible in the RGB frame, so it cannot be assessed if the similarity map correctly highlights its location."
14,sofa,False,False,"The RGB image shows a room with doors and walls but no sofa is visible. The similarity map does not have any yellow areas indicating high similarity, which suggests that there is no sofa present in the scene."
15,sofa,False,False,There is no sofa visible in the RGB frame. The similarity map does not show any yellow areas that would correspond to the presence of a sofa.
16,sofa,False,False,There is no sofa visible in the RGB frame. The similarity map does not show any yellow areas that would correspond to the location of a sofa in the scene.
17,sofa,False,False,"There is no sofa present in the RGB image. The similarity map does not have any yellow areas that would correspond to the location of a sofa, indicating that it is not correctly highlighting the object's location."
18,sofa,False,False,"There is no sofa present in the RGB image. The similarity map does not have any yellow areas that would correspond to the location of a sofa, indicating that it is not correctly highlighting the object's location."
19,sofa,False,False,"There is no sofa visible in the RGB image. The similarity map does not show any yellow areas that would correspond to the presence of a sofa, indicating that the map is not correctly highlighting the object's location."
20,sofa,False,False,"There is no sofa visible in the RGB frame. The similarity map does not have any yellow areas that would correspond to a sofa, indicating that the map is not correctly highlighting the object's location."
21,sofa,False,False,"There is no sofa visible in the RGB image. Therefore, it cannot be determined if the similarity map correctly shows high similarity where the sofa would be located."
22,sofa,False,False,"There is no sofa visible in the RGB image. The similarity map does not have any yellow areas that would correspond to the location of a sofa, indicating that it is not correctly highlighting the object's location."
23,sofa,False,False,"There is no sofa visible in the RGB image. Therefore, it cannot be determined if the similarity map correctly shows high similarity where the sofa should be located."
24,sofa,False,False,There is no sofa present in the RGB image. The similarity map does not have any yellow areas that would correspond to the location of a sofa in the scene.
25,sofa,False,False,"There is no sofa present in the RGB image. The similarity map does not have any yellow areas that would correspond to the location of a sofa, indicating that it is not correctly highlighting the object's location."
26,sofa,False,False,"There is no sofa visible in the RGB frame. The similarity map does not have any yellow areas that would correspond to the location of a sofa, indicating that the map is not correctly highlighting the object's location."
27,sofa,False,False,"There is no sofa visible in the RGB image. Therefore, it cannot be determined if the similarity map correctly shows high similarity where the sofa should be located."
28,sofa,False,False,"There is no sofa visible in the RGB frame. The similarity map does not have any yellow areas that would correspond to the location of a sofa, indicating that it is not correctly highlighting the object's location."
29,sofa,False,False,"There is no sofa visible in the RGB image. The similarity map does not show any yellow areas that would correspond to a sofa, indicating that the map is not correctly highlighting the object's location."
30,sofa,False,False,"There is no sofa present in the RGB image. The similarity map does not show any yellow areas that would correspond to a sofa, indicating that the map is not correctly highlighting the object's location."
31,sofa,False,False,"There is no sofa present in the RGB image. The similarity map does not have any yellow areas that would correspond to the location of a sofa, indicating that it is not correctly highlighting the object's location."
32,sofa,False,False,"There is no sofa visible in the RGB image. The similarity map does not have any yellow areas that would correspond to the location of a sofa, indicating that it is not correctly highlighting the object's location."
33,sofa,False,False,"There is no sofa visible in the RGB frame, so it cannot be assessed if the similarity map correctly highlights its location."
34,sofa,False,False,"There is no sofa visible in the RGB image. The similarity map does not have any yellow areas that would correspond to the location of a sofa, indicating that it is not correctly highlighting the object's location."
35,sofa,False,False,"There is no sofa visible in the RGB frame. The similarity map does not show any yellow areas that would correspond to the presence of a sofa, indicating that the map is not correctly highlighting the object's location."
36,sofa,False,False,"The RGB image shows an empty room with no visible sofa. The similarity map does not have any yellow areas that would indicate high similarity to a sofa, as it appears to be a generic texture map without specific object recognition."
37,sofa,False,False,There is no sofa present in the RGB image. The similarity map does not have any yellow areas that would correspond to the location of a sofa in the scene.
38,sofa,False,False,"The first image shows a ceiling with no visible furniture or objects that resemble a 'sofa'. The second image is a semantic voxel similarity map for the object 'sofa', but it does not contain any yellow areas indicating high similarity, which suggests that there is no 'sofa' present in the scene."
39,sofa,False,False,"There is no sofa present in the RGB frame. The similarity map does not show any yellow areas that would indicate high similarity with a sofa, as it appears to be uniformly green, suggesting low similarity across all regions."
40,sofa,False,False,"There is no sofa present in the RGB image, so it cannot be assessed if the similarity map correctly highlights its location."
41,sofa,False,False,"There is no sofa present in the RGB frame, hence the similarity map should not show any yellow areas indicating high similarity. The absence of a sofa in the scene and the lack of yellow areas in the similarity map suggest that the map is incorrect."
42,sofa,False,False,"There is no sofa present in the RGB image. Therefore, it is not possible for the similarity map to correctly highlight the location of a sofa."
43,sofa,False,False,There is no sofa visible in the RGB frame. The similarity map does not have any yellow areas that would correspond to the location of a sofa in the scene.
44,sofa,False,False,"There is no sofa visible in the RGB frame, so it cannot be confirmed if the similarity map correctly highlights its location."
45,sofa,False,False,"There is no sofa present in the RGB image. The similarity map does not show any yellow areas that would correspond to the location of a sofa, indicating that it is not correctly highlighting the object's location."
46,sofa,False,False,"There is no sofa present in the RGB image. The similarity map does not show any yellow areas that would correspond to the location of a sofa, indicating that the map is not correctly highlighting the object's location."
47,sofa,False,False,"There is no sofa visible in the RGB image, so it cannot be assessed if the similarity map correctly highlights its location."
48,sofa,False,False,"There is no sofa visible in the RGB frame, so it cannot be assessed if the similarity map correctly highlights its location."
49,sofa,False,False,"There is no sofa visible in the RGB frame, so it cannot be confirmed if the similarity map correctly highlights its location. The similarity map does not provide enough context or information about the objects present in the scene."
50,sofa,False,False,"There is no sofa present in the RGB image, so it cannot be assessed if the similarity map correctly highlights its location."
51,sofa,False,False,"There is no sofa present in the RGB image. The similarity map does not have any yellow areas indicating high similarity, which suggests that there is no object matching the 'sofa' category in the scene."
52,sofa,False,False,"The RGB image shows a plain wall with no visible furniture or objects that resemble a sofa. The similarity map does not have any yellow areas, which would indicate high similarity to a sofa, suggesting that there is no sofa present in the scene."
53,sofa,False,False,"There is no sofa present in the RGB image, so it cannot be assessed if the similarity map correctly highlights its location."
54,sofa,False,False,"There is no sofa present in the RGB image, so it cannot be assessed if the similarity map correctly highlights its location."
55,sofa,False,False,"There is no sofa present in the RGB image. The similarity map does not show any yellow areas that would indicate high similarity with a sofa, as it appears to be uniformly green, suggesting low similarity across all regions."
56,sofa,False,False,"There is no sofa present in the RGB image, so it cannot be assessed if the similarity map correctly highlights its location."
57,sofa,False,False,"There is no sofa present in the RGB frame, so it cannot be assessed if the similarity map correctly highlights its location."
58,sofa,False,False,"There is no sofa present in the RGB image. The similarity map does not show any yellow areas that would indicate high similarity with a sofa, as there is no sofa to begin with."
59,sofa,False,False,"There is no sofa present in the RGB image. The similarity map does not show any yellow areas that would indicate high similarity with a sofa, as there is no sofa to begin with."
60,sofa,False,False,"There is no sofa visible in the RGB image. Therefore, it cannot be determined if the similarity map correctly shows high similarity where the sofa is located."
61,sofa,False,False,There is no sofa present in the RGB image. The similarity map does not have any yellow areas that would correspond to the location of a sofa in the scene.
62,sofa,False,False,There is no sofa present in the RGB image. The similarity map does not have any yellow areas that would correspond to the location of a sofa in the scene.
63,sofa,False,False,There is no sofa visible in the RGB image. The similarity map does not show any yellow areas that would correspond to the location of a sofa in the scene.
64,sofa,False,False,"There is no sofa present in the RGB image. The similarity map does not show any yellow areas that would correspond to the location of a sofa, indicating that it is not correctly highlighting the object's location."
65,sofa,False,False,"There is no sofa present in the RGB image. The similarity map does not show any yellow areas that would indicate high similarity with a sofa, as there is no sofa to begin with."
66,sofa,False,False,"There is no sofa present in the RGB frame, so it cannot be assessed if the similarity map correctly highlights its location."
67,sofa,False,False,"There is no sofa visible in the RGB frame, so it cannot be confirmed if the similarity map correctly highlights its location."
68,sofa,False,False,"There is no sofa visible in the RGB frame, so it cannot be assessed if the similarity map correctly highlights its location."
69,sofa,False,False,"There is no sofa present in the RGB image. The similarity map does not show any yellow areas that would correspond to the location of a sofa, indicating that the map is not correctly highlighting the object's location."
70,sofa,False,False,"There is no sofa present in the RGB image. Therefore, it is not possible for the similarity map to correctly highlight the location of a sofa."
71,sofa,False,False,"There is no sofa visible in the RGB image. Therefore, it cannot be determined if the similarity map correctly shows high similarity where the sofa should be located."
72,sofa,False,False,"There is no sofa visible in the RGB image. Therefore, it cannot be determined if the similarity map correctly shows high similarity where the sofa is located."
73,sofa,False,False,"There is no sofa visible in the RGB image. Therefore, it cannot be assessed if the similarity map correctly shows high similarity where the sofa is located."
74,sofa,False,False,"The first image shows a scene with a chair and a trash bin, but no sofa is visible. The similarity map does not have any yellow areas that would indicate high similarity to a sofa, as there is no sofa present in the scene."
75,sofa,False,False,"There is no sofa visible in the RGB image. The similarity map does not have any yellow areas that would correspond to the location of a sofa, indicating that it is not correctly highlighting the object's location."
76,sofa,False,False,"There is no sofa visible in the RGB image. The similarity map does not correspond to any object in the scene, as it appears to be a generic voxel similarity map without specific object labels."
77,sofa,False,False,"There is no sofa present in the RGB image. The similarity map does not show any yellow areas that would correspond to the location of a sofa, indicating that the map is not correctly highlighting the object's location."
78,sofa,False,False,"The first image shows a scene with a table, chairs, and some office supplies, but no sofa is visible. The second image is a semantic voxel similarity map for the object 'sofa', which means it should ideally show high similarity (yellow areas) over the location of a sofa if one were present. Since there is no sofa in the first image, the map cannot be correct as it does not reflect any high similarity areas."
79,sofa,False,False,"There is no sofa visible in the RGB image. The similarity map does not show any yellow areas that would correspond to the location of a sofa, indicating that the map is not correctly highlighting the object's location."
0,table,True,False,"The RGB image shows a table with objects on it, which suggests that a 'table' is indeed present. However, the similarity map does not correctly highlight the location of the table. The map appears to be highly fragmented and lacks clear patterns or regions that would correspond to the table in the RGB image."
1,table,True,False,"The RGB frame shows a table with objects on it, which suggests that a table is indeed present. However, the similarity map does not correctly highlight the table as the yellow areas do not align with the table's location in the RGB frame. Instead, the yellow areas seem to be scattered across the image without any clear pattern or correlation with the table."
2,table,True,False,"The RGB image shows a table with chairs around it, indicating that a table is indeed present. However, the similarity map does not correctly highlight the table's location. The yellow areas, which should indicate high similarity, are scattered across the image without a clear pattern or focus on the table, suggesting that the map is not accurately representing the object."
3,table,True,False,"The RGB image shows a table with chairs around it, indicating that a table is indeed present. However, the similarity map does not correctly highlight the table's location. The map appears to be highly fragmented and lacks clear patterns or regions that correspond to the table in the RGB image."
4,table,True,False,"The RGB image shows a table with objects on it, indicating that a table is indeed present. However, the similarity map does not correctly highlight the table's location. The map appears to be highly fragmented and lacks clear patterns or regions that correspond to the table in the RGB image."
5,table,True,False,"The RGB image shows a table with a chair next to it. The similarity map does not accurately highlight the table as the yellow areas do not correspond to the location of the table in the RGB image. Instead, the yellow areas seem to be scattered across the image without a clear pattern that matches the table's position."
6,table,False,False,"There is no table visible in the RGB frame. Therefore, it is not possible for the similarity map to correctly highlight the location of a table."
7,table,False,False,"There is no table visible in the RGB frame, so it cannot be confirmed if the similarity map correctly shows high similarity where the table should be. The similarity map does not provide enough context or information about the objects in the scene."
8,table,False,False,"There is no table visible in the RGB frame, so it cannot be assessed if the similarity map correctly highlights its location."
9,table,False,False,"There is no table visible in the RGB frame. The similarity map does not show any yellow areas that would correspond to a table, as it appears to be mostly blue and purple, indicating low similarity across the entire image."
10,table,False,False,"There is no table visible in the RGB frame, so it cannot be assessed if the similarity map correctly highlights its location."
11,table,False,False,"There is no table visible in the RGB frame. The similarity map does not show any yellow areas that would correspond to a table, as it appears to be a generic scene with no specific object highlighted."
12,table,False,False,There is no table visible in the RGB frame. The similarity map does not show any yellow areas that would correspond to the presence of a table.
13,table,False,False,"There is no table visible in the RGB frame. The similarity map does not show any yellow areas that would correspond to the presence of a table, indicating that the map is not correctly highlighting the object's location."
14,table,False,False,"There is no table visible in the RGB frame. The similarity map does not show any yellow areas that would indicate high similarity with a table, as it appears to be mostly blue and green, which typically represent lower similarity values."
15,table,False,False,"There is no table visible in the RGB frame, so it cannot be assessed if the similarity map correctly highlights its location."
16,table,False,False,There is no table visible in the RGB frame. The similarity map does not show any yellow areas that would correspond to the presence of a table.
17,table,False,False,"There is no table visible in the RGB image. Therefore, it cannot be determined if the similarity map correctly shows high similarity where the table should be located."
18,table,True,False,"The RGB image shows a table with a chair next to it. The similarity map does not correctly highlight the table as the yellow areas do not align with the table's location in the RGB image. Instead, the yellow areas seem to be scattered across the image without a clear pattern that corresponds to the table."
19,table,True,False,"The RGB image shows a table with chairs around it. The similarity map does not accurately highlight the table as the yellow areas do not align with the table's location in the RGB image. Instead, the yellow areas seem to be scattered across the image without a clear pattern that corresponds to the table."
20,table,True,False,"The RGB image shows a table with chairs around it, indicating that a table is indeed present. However, the similarity map does not correctly highlight the table's location. The yellow areas, which should indicate high similarity to the 'table', are scattered across the image without a clear pattern or focus on the table itself."
21,table,True,False,"The RGB image shows a table with chairs around it, indicating that a table is indeed present. However, the similarity map does not correctly highlight the table's location. The map appears to be highly fragmented and lacks clear patterns or regions that correspond to the table in the RGB image."
22,table,True,False,"The RGB image shows a table with chairs around it. The similarity map does not accurately highlight the table as the yellow areas do not align with the table's location in the RGB image. Instead, the yellow areas seem to be scattered across the image without a clear pattern that corresponds to the table."
23,table,True,False,"The RGB image shows a table with chairs around it, indicating that a table is indeed present. However, the similarity map does not correctly highlight the table's location. The map appears to be more focused on other elements or areas within the scene, as indicated by the distribution of colors which do not align with the table's position."
24,table,False,False,There is no table visible in the RGB frame. The similarity map does not have any yellow areas that would correspond to the location of a table in the scene.
25,table,False,False,"There is no table visible in the RGB frame, so it cannot be assessed if the similarity map correctly highlights its location."
26,table,True,False,"The RGB image shows a table with a chair and some objects on it. The similarity map does not accurately highlight the table as the yellow areas do not align with the table's location in the RGB image. Instead, the yellow areas seem to be scattered across the image without a clear pattern that corresponds to the table."
27,table,True,False,"The RGB image shows a table with objects on it, indicating that a table is indeed present. However, the similarity map does not correctly highlight the table's location. The yellow areas, which should indicate high similarity, are scattered and do not align with the table's position in the RGB image."
28,table,True,False,"The RGB image shows a table with objects on it, which suggests that a 'table' is indeed present. However, the similarity map does not correctly highlight the location of the table. The map appears to be highly fragmented and lacks clear patterns or regions that would correspond to the table in the RGB image."
29,table,True,False,"The RGB image shows a table with various items on it. The similarity map does not correctly highlight the table as the yellow areas do not align with the table's location in the RGB image. Instead, the yellow areas seem to be scattered across the image without a clear pattern that corresponds to the table."
30,table,True,False,"The RGB image shows a table with various objects on it. The similarity map does not accurately highlight the table as the yellow areas do not correspond to the table's location in the RGB image. Instead, the yellow areas seem to be scattered across the image without a clear pattern that matches the table."
31,table,True,False,"The RGB image shows a table with various items on it. The similarity map does not accurately highlight the table as the majority of the map is in green and blue tones, indicating low similarity, which suggests that the map is not correctly identifying the table."
32,table,True,False,"The RGB image shows a table with various items on it. The similarity map does not accurately highlight the table as the yellow areas do not correspond to the table's location in the RGB image. Instead, the yellow areas seem to be scattered across the image without a clear pattern that aligns with the table."
33,table,False,False,There is no table visible in the RGB frame. The similarity map does not show any yellow areas that would correspond to the presence of a table.
34,table,False,False,"There is no table visible in the RGB image. The similarity map does not show any yellow areas that would correspond to a table, indicating that the map is not correctly highlighting the object's location."
35,table,False,False,"There is no table visible in the RGB frame. The similarity map does not show any yellow areas that would correspond to the presence of a table, indicating that the map is not correctly highlighting the object's location."
36,table,False,False,"There is no table visible in the RGB frame, so it cannot be assessed if the similarity map correctly highlights its location."
37,table,False,False,"There is no table visible in the RGB image. The similarity map does not show any yellow areas that would correspond to the presence of a table, indicating that it is not correctly highlighting the object's location."
38,table,False,False,"There is no table visible in the RGB frame. The similarity map does not show any yellow areas that would correspond to a table, as it appears to be mostly blue and purple, indicating low similarity across the entire image."
39,table,False,False,"There is no table visible in the RGB frame, so it cannot be assessed if the similarity map correctly highlights its location."
40,table,False,False,There is no table visible in the RGB image. The similarity map does not show any yellow areas that would correspond to the presence of a table.
41,table,False,False,"There is no table present in the RGB image. The similarity map does not have any yellow areas indicating high similarity, which suggests that there is no table detected in the scene."
42,table,False,False,There is no table visible in the RGB image. The similarity map does not have any yellow areas that would correspond to the location of a table in the scene.
43,table,False,False,"There is no table visible in the RGB frame, so it cannot be confirmed if the similarity map correctly highlights its location."
44,table,False,False,There is no table visible in the RGB frame. The similarity map does not have any yellow areas that would correspond to the presence of a table.
45,table,False,False,"There is no table visible in the RGB frame. The similarity map does not show any yellow areas that would correspond to the presence of a table, indicating that the map is not correctly highlighting the object's location."
46,table,False,False,There is no table visible in the RGB image. The similarity map does not show any yellow areas that would correspond to the presence of a table.
47,table,False,False,"There is no table visible in the RGB image. The similarity map does not have any yellow areas that would correspond to the location of a table, indicating that it is not correctly highlighting the object's location."
48,table,False,False,"There is no table visible in the RGB frame. The similarity map does not show any yellow areas that would correspond to a table, indicating that the map is not correctly highlighting the object's location."
49,table,False,False,"There is no table visible in the RGB frame. The similarity map does not show any yellow areas that would correspond to the presence of a table, as it appears to be mostly green and blue, indicating low similarity across the entire image."
50,table,False,False,"There is no table visible in the RGB image, so it cannot be assessed if the similarity map correctly highlights its location."
51,table,False,False,"There is no table present in the RGB image. The similarity map does not have any yellow areas indicating high similarity, which suggests that there is no table detected in the scene."
52,table,False,False,"There is no table visible in the RGB frame, so it cannot be determined if the similarity map correctly highlights its location."
53,table,False,False,"There is no table visible in the RGB frame, so it cannot be determined if the similarity map correctly highlights its location."
54,table,False,False,There is no table visible in the RGB frame. The similarity map does not show any yellow areas that would correspond to the presence of a table.
55,table,False,False,There is no table visible in the RGB frame. The similarity map does not show any yellow areas that would correspond to the presence of a table.
56,table,False,False,"There is no table present in the RGB image. The similarity map does not show any yellow areas that would indicate high similarity with a table, as it appears to be mostly uniform with shades of blue and green."
57,table,False,False,"There is no table visible in the RGB frame, so it cannot be assessed if the similarity map correctly highlights its location."
58,table,False,False,"There is no table visible in the RGB image. The similarity map does not have any yellow areas indicating high similarity, which suggests that there is no table present in the scene."
59,table,False,False,"There is no table present in the RGB image. The similarity map does not have any yellow areas that would correspond to the location of a table, indicating that it is not correctly highlighting the object's location."
60,table,False,False,"There is no table visible in the RGB image. The similarity map does not have any yellow areas that would correspond to the presence of a table, as it appears to be mostly green and blue, indicating low similarity across the entire image."
61,table,False,False,"There is no table visible in the RGB image. Therefore, it cannot be determined if the similarity map correctly shows high similarity where the table should be located."
62,table,False,False,"There is no table visible in the RGB image. The similarity map does not show any yellow areas that would correspond to the presence of a table, as there is no table in the scene."
63,table,False,False,"There is no table visible in the RGB frame, so it cannot be assessed if the similarity map correctly highlights its location."
64,table,False,False,"There is no table present in the RGB image. The similarity map does not have any yellow areas that would correspond to the location of a table, indicating that it is not correctly highlighting the object's location."
65,table,False,False,"There is no table present in the RGB image. The similarity map does not show any yellow areas that would indicate high similarity with a table, as there is no table to begin with."
66,table,False,False,"There is no table visible in the RGB frame. The similarity map does not show any yellow areas that would indicate high similarity with a table, as it appears to be mostly dark, indicating low similarity."
67,table,False,False,"There is no table visible in the RGB frame. The similarity map does not show any yellow areas that would correspond to the presence of a table, indicating that the map is not correctly highlighting the object's location."
68,table,False,False,"There is no table visible in the RGB image. The similarity map does not have any yellow areas that would correspond to the location of a table, indicating that it is not correctly highlighting the object's location."
69,table,False,False,There is no table visible in the RGB image. The similarity map does not have any yellow areas that would correspond to the location of a table in the scene.
70,table,True,False,"The RGB image shows a table on the left side of the frame. The similarity map does not accurately highlight the table as the yellow areas do not align with the table's location in the RGB image. Instead, the yellow areas seem to be scattered across the image without a clear pattern that corresponds to the table."
71,table,True,False,"The RGB image shows a table with a chair and some office supplies on it. The similarity map does not accurately highlight the table as the yellow areas do not align with the table's location in the RGB image. Instead, the yellow areas seem to be scattered across the image without a clear pattern that corresponds to the table."
72,table,True,False,"The RGB image shows a table with a chair next to it. The similarity map does not correctly highlight the table as the yellow areas do not align with the table's location in the RGB image. Instead, the yellow areas seem to be scattered across the image without any clear pattern that corresponds to the table."
73,table,False,False,There is no table visible in the RGB image. The similarity map does not have any yellow areas that would correspond to the location of a table in the scene.
74,table,False,False,There is no table present in the RGB image. The similarity map does not have any yellow areas that would correspond to the location of a table in the scene.
75,table,True,False,"The RGB image shows a table with various items on it, including a coffee cup and papers. The similarity map does not accurately highlight the table as the yellow areas do not align with the table's location in the RGB image. Instead, the yellow areas seem to be scattered across the image without a clear pattern that corresponds to the table."
76,table,True,False,"The RGB image shows a table with office chairs around it. The similarity map does not accurately highlight the table as the yellow areas do not align with the table's location in the RGB image. Instead, the yellow areas seem to be scattered across the image without a clear pattern that corresponds to the table."
77,table,True,False,"The RGB image shows a table with various items on it, including a chair and some office supplies. The similarity map does not correctly highlight the table as the yellow areas do not align with the table's location in the RGB image. Instead, the yellow areas seem to be scattered across the image without a clear pattern that corresponds to the table."
78,table,True,False,"The RGB image shows a table with office chairs around it. The similarity map does not accurately highlight the table as the yellow areas do not align with the table's location in the RGB image. Instead, the yellow areas seem to be scattered across the image without a clear pattern that corresponds to the table."
79,table,True,False,"The RGB image shows a table with a chair and some items on it. The similarity map does not accurately highlight the table as the yellow areas do not align with the table's location in the RGB image. Instead, the yellow areas seem to be scattered across the image without a clear pattern that corresponds to the table."
0,wall,True,False,"The wall is present in the RGB frame as it is the large vertical structure on the left side of the room. However, the similarity map does not correctly highlight the wall with yellow areas. Instead, the map appears to be showing some form of pattern or texture that is not aligned with the wall in the RGB frame."
1,wall,False,False,"There is no wall visible in the RGB frame, so it cannot be assessed if the similarity map correctly shows high similarity where the wall should be."
2,wall,False,False,"There is no wall visible in the RGB frame, so it cannot be assessed if the similarity map correctly shows high similarity where the wall should be."
3,wall,True,False,"A wall is present in the RGB frame as indicated by the vertical lines on the left side of the room. However, the similarity map does not correctly highlight these areas with yellow, which would indicate high similarity. Instead, the yellow areas appear to be scattered and do not align with the wall."
4,wall,True,False,"The RGB image shows a wall on the left side of the frame. The similarity map does not accurately highlight the wall with yellow areas, indicating that it does not correctly identify the wall as the object of interest."
5,wall,True,False,"The RGB image shows a wall on the left side of the frame. The similarity map does not correctly highlight the wall as the yellow areas do not align with the wall's location in the RGB image. Instead, the yellow areas seem to be scattered across the image without a clear pattern that corresponds to the wall."
6,wall,True,False,"The RGB image shows a wall on the left side of the frame. The similarity map does not correctly highlight the wall with yellow areas; instead, it appears that the map is not aligned or the wall is not the primary focus of the similarity analysis."
7,wall,True,False,"The RGB image shows a wall with a whiteboard on it. The similarity map does not correctly highlight the wall as the yellow areas do not align with the wall's location in the RGB image. Instead, the yellow areas seem to be scattered across the image without a clear pattern that corresponds to the wall."
8,wall,True,False,"The RGB image shows a corner with walls and a ceiling, indicating that a wall is indeed present. However, the similarity map does not correctly highlight the wall as the yellow areas do not align with the wall's location in the RGB image. Instead, the yellow areas seem to be scattered across the image without a clear pattern that corresponds to the wall."
9,wall,True,False,"The RGB image shows a ceiling with a light fixture, which could be considered part of a wall structure. The similarity map does not accurately highlight the ceiling as a wall; instead, it seems to have a high similarity across most of the image, which might indicate a general similarity rather than specific wall features."
10,wall,True,False,"The RGB image shows a wall in the background, which is consistent with the presence of a wall. However, the similarity map does not correctly highlight the wall as the area with high similarity (yellow). Instead, it appears that the map is showing some other object or feature with high similarity."
11,wall,True,False,"The RGB image shows a wall in the corner of the room, which is consistent with the presence of a wall. However, the similarity map does not correctly highlight the wall as the area with high similarity (yellow). Instead, it appears that the map is showing some other object or feature with high similarity, possibly due to a misalignment or incorrect labeling."
12,wall,True,False,"The RGB image shows a wall in the background, which is consistent with the presence of a wall. However, the similarity map does not correctly highlight the wall as the area with high similarity (yellow). Instead, it appears that the map is showing a different distribution of similarities, possibly due to the algorithm used or the specific features being analyzed."
13,wall,True,False,"The RGB image shows a wall in the background behind the door. The similarity map does not correctly highlight the wall as the yellow areas do not align with the wall's location in the RGB image. Instead, the yellow areas seem to be more concentrated on the ceiling and the door frame."
14,wall,True,False,"The RGB image shows a wall on the right side of the frame, which is consistent with the presence of a wall. However, the similarity map does not correctly highlight the wall as the area of high similarity (yellow) is not aligned with the wall in the RGB image. Instead, it appears to be highlighting a different part of the scene."
15,wall,True,False,"The RGB image shows a wall on the right side of the frame. The similarity map does not correctly highlight the wall as the yellow areas do not align with the wall's location in the RGB image. Instead, the yellow areas seem to be scattered across the image without a clear pattern that corresponds to the wall."
16,wall,True,False,"The RGB image shows a wall on the right side of the frame, which is consistent with the presence of a wall. However, the similarity map does not correctly highlight the wall as the area with high similarity (yellow). Instead, it appears that the map is showing some other object or feature with high similarity, possibly due to a misalignment or incorrect labeling."
17,wall,True,False,"The RGB image shows a wall on the right side of the frame. The similarity map does not correctly highlight the wall with yellow areas; instead, it shows a gradient from green to blue, which suggests low similarity across most of the image."
18,wall,False,False,"There is no wall visible in the RGB image. The similarity map does not have any yellow areas that would correspond to a wall, as there is no wall present in the scene."
19,wall,False,False,"There is no wall visible in the RGB image, so it cannot be assessed if the similarity map correctly shows high similarity where the wall should be."
20,wall,False,False,"There is no wall visible in the RGB frame provided. The similarity map does not have any yellow areas that would correspond to a wall, as there is no wall in the scene."
21,wall,False,False,"There is no wall visible in the RGB image, so it cannot be assessed if the similarity map correctly shows high similarity where the wall should be."
22,wall,False,False,There is no wall visible in the RGB image. The similarity map does not correspond to any object that could be identified as a wall.
23,wall,True,False,"The RGB image shows a wall on the left side of the room. The similarity map does not correctly highlight the wall with yellow areas; instead, it appears to be mostly green and blue, indicating low similarity across most of the image."
24,wall,True,False,"The RGB image shows a wall on the left side of the frame. The similarity map does not correctly highlight the wall with yellow areas; instead, it shows a gradient from green to blue, which suggests low similarity across most of the image."
25,wall,True,False,"The RGB image shows a corner with a wall and a chair. The similarity map does not accurately highlight the wall as the yellow areas do not align with the wall's location in the RGB image. Instead, the yellow areas seem to be scattered across the image without a clear pattern that corresponds to the wall."
26,wall,True,False,"The RGB image shows a wall on the left side of the frame. The similarity map does not accurately highlight the wall with yellow areas, indicating that it does not correctly identify the wall as the object of interest."
27,wall,True,False,"The RGB image shows a wall in the background behind the table and TV. The similarity map does not correctly highlight the wall as the yellow areas do not align with the wall's location in the RGB image. Instead, the yellow areas seem to be scattered across the image without a clear pattern that corresponds to the wall."
28,wall,True,False,"The RGB image shows a wall with a mounted TV on it. The similarity map does not accurately highlight the wall as the yellow areas do not align with the wall's location in the RGB image. Instead, the yellow areas seem to be scattered across the image without a clear pattern that corresponds to the wall."
29,wall,False,False,"There is no wall visible in the RGB image, so it cannot be assessed if the similarity map correctly shows high similarity where the wall should be."
30,wall,False,False,There is no wall visible in the RGB image. The similarity map does not correspond to any object that could be identified as a wall.
31,wall,False,False,"There is no wall visible in the RGB image. The similarity map does not have any yellow areas that would correspond to a wall, as there is no wall present in the scene."
32,wall,False,False,"There is no wall visible in the RGB image, so it cannot be assessed if the similarity map correctly shows high similarity where the wall should be."
33,wall,True,False,"The RGB image shows a wall on the right side of the door. The similarity map does not correctly highlight the wall as the yellow areas do not align with the wall's location in the RGB image. Instead, the yellow areas seem to be concentrated in a different part of the image."
34,wall,True,False,"The RGB image shows a wall on the right side of the door. The similarity map does not correctly highlight the wall as the yellow areas do not align with the wall's location in the RGB image. Instead, the yellow areas seem to be scattered across the image without a clear pattern that corresponds to the wall."
35,wall,True,False,"The RGB image shows a wall in the background, which is consistent with the presence of a wall. However, the similarity map does not correctly highlight the wall as the area with high similarity (yellow). Instead, it appears that the map is showing some other object or feature with high similarity."
36,wall,True,False,"The RGB image shows a wall in the corner of a room. The similarity map does not correctly highlight the wall as the yellow areas do not align with the wall's location in the RGB image. Instead, the yellow areas seem to be scattered across the image without a clear pattern that corresponds to the wall."
37,wall,True,True,"The RGB image shows a ceiling with a wall visible on the left side. The similarity map correctly highlights the wall area with yellow, indicating high similarity, which corresponds to the wall in the RGB image."
38,wall,True,False,"The RGB image shows a wall in the background, which is consistent with the presence of a wall. However, the similarity map does not correctly highlight the wall as the area with high similarity (yellow). Instead, it appears that the map is showing a different distribution of similarities, possibly due to the specific segmentation or labeling used."
39,wall,True,False,"The RGB image shows a corner with walls and a ceiling, indicating that a wall is indeed present. However, the similarity map does not correctly highlight the wall as the majority of the yellow areas seem to be scattered and do not align with the wall's location in the RGB image."
40,wall,True,False,"The RGB image shows a corner with two walls meeting, which is consistent with the presence of a wall. However, the similarity map does not correctly highlight the area where the wall should be. The yellow areas, indicating high similarity, do not align with the expected location of the wall in the RGB image."
41,wall,True,False,"The RGB image shows a wall with a whiteboard on it. The similarity map does not correctly highlight the wall as the yellow areas do not align with the wall's location in the RGB image. Instead, the yellow areas seem to be scattered across the image without a clear pattern that corresponds to the wall."
42,wall,True,False,"The RGB image shows a wall with a whiteboard and markers on it. The similarity map does not accurately highlight the wall as the majority of the yellow areas do not correspond to the wall in the RGB image. Instead, the yellow areas seem to be scattered across the image without a clear pattern that matches the wall."
43,wall,True,False,"The RGB image shows a corner of a room with a wall on the right side. The similarity map does not correctly highlight the wall as the majority of the yellow areas do not align with the wall in the RGB image. Instead, the yellow areas seem to be scattered across the image without a clear pattern that corresponds to the wall."
44,wall,True,False,"The RGB image shows a corner with a wall and a floor. The similarity map does not correctly highlight the wall as the yellow areas do not align with the wall in the RGB image. Instead, the yellow areas seem to be scattered across the image without a clear pattern that corresponds to the wall."
45,wall,True,False,"The RGB image shows a corner of a room with walls and a floor. The similarity map does not accurately highlight the wall as the majority of the map is green, indicating low similarity, which suggests that the map is not correctly identifying the wall."
46,wall,True,False,"The RGB image shows a corner of a room with walls and a floor. The similarity map does not accurately reflect the presence of a wall. Instead, it appears to be showing a different distribution of colors that do not correspond to the wall in the RGB image."
47,wall,True,False,"The RGB image shows a corner of a room with walls, which suggests that a wall is indeed present. However, the similarity map does not correctly highlight the wall as the majority of the map is green, indicating low similarity, which contradicts the presence of a wall in the RGB image."
48,wall,True,False,"The RGB image shows a corner of a room with a wall that appears to be white. The similarity map does not correctly highlight the wall as the majority of the map is green, indicating low similarity, which suggests it is not accurately representing the wall."
49,wall,True,False,"The RGB image shows a corner of a room with walls, which suggests that a wall is indeed present. However, the similarity map does not correctly highlight the wall as the majority of the map is green, indicating low similarity, while the wall should be highlighted in yellow if it were correctly identified."
50,wall,True,False,"The RGB image shows a corner with walls, which suggests the presence of a wall. The similarity map, however, does not highlight any area with high similarity (yellow) that corresponds to the wall in the RGB image. Instead, it shows a gradient from green to blue, indicating low similarity across most of the image."
51,wall,True,False,"The RGB image shows a corner with two whiteboards and a wall. The similarity map does not accurately highlight the wall as the yellow areas do not align with the wall's location in the RGB image. Instead, the yellow areas seem to be scattered across the image without a clear pattern that corresponds to the wall."
52,wall,True,False,"The RGB image shows a wall with vertical lines that resemble panels or doors, which could be indicative of a wall. The similarity map, however, does not show high similarity (yellow areas) in the regions corresponding to the wall in the RGB image. Instead, it shows a mix of colors without clear alignment with the wall structure."
53,wall,True,False,"The RGB image shows two walls meeting at a corner, which suggests the presence of a wall. However, the similarity map does not accurately highlight the area where the walls meet as a high-similarity region. Instead, it shows a mix of colors without clear demarcation that would correspond to the wall."
54,wall,True,False,"The RGB image shows a corner with two whiteboards and a ceiling, which suggests the presence of walls. However, the similarity map does not accurately highlight the wall locations. The map shows high similarity (yellow) in areas that do not correspond to the walls in the RGB image."
55,wall,True,False,"The RGB image shows a corner of a room with walls and a ceiling. The similarity map does not accurately reflect the presence of a wall. The yellow areas, which should indicate high similarity to a wall, are scattered and do not align with the actual wall structure in the RGB image."
56,wall,True,False,"The RGB image shows a ceiling with a wall visible on the right side. The similarity map does not correctly highlight the wall as the yellow areas do not align with the wall's location in the RGB image. Instead, the yellow areas seem to be scattered across the image without a clear pattern that corresponds to the wall."
57,wall,True,False,"The RGB image shows a ceiling with a wall partially visible on the right side. The similarity map does not accurately highlight the wall as the yellow areas do not align with the wall's location in the RGB image. Instead, the yellow areas seem to be scattered across the image without a clear pattern that corresponds to the wall."
58,wall,True,False,"The RGB image shows a wall on the right side of the room. The similarity map does not correctly highlight the wall with yellow areas; instead, it appears to be highlighting other objects or features in the scene."
59,wall,True,False,"The RGB image shows a wall with a whiteboard on it. The similarity map does not correctly highlight the wall as the yellow areas do not align with the wall's location in the RGB image. Instead, the yellow areas seem to be scattered across the image without a clear pattern that corresponds to the wall."
60,wall,True,False,"The RGB image shows a wall in the corner of a room. The similarity map does not correctly highlight the wall as the yellow areas do not align with the wall's location in the RGB image. Instead, the yellow areas appear scattered and do not correspond to the wall."
61,wall,True,False,"The RGB image shows a wall on the right side of the room. The similarity map does not correctly highlight the wall with yellow areas; instead, it appears that the map is showing a different distribution of colors which might be due to the algorithm used or the specific object being mapped."
62,wall,True,False,"The RGB image shows a wall on the right side of the door. The similarity map does not correctly highlight the wall with yellow areas; instead, it appears to be mostly green and blue, indicating low similarity across most of the image."
63,wall,True,False,"The RGB image shows a wall on the right side of the frame. The similarity map does not correctly highlight the wall with yellow areas; instead, it appears that the yellow areas are scattered and do not correspond to the wall in the RGB image."
64,wall,True,False,"The RGB image shows a wall on the right side of the door. The similarity map does not correctly highlight the wall with yellow areas; instead, it appears to be mostly green and blue, indicating low similarity across most of the image."
65,wall,True,False,"The RGB image shows a wooden door with a wall to its right. The similarity map does not accurately highlight the wall as the yellow areas do not align with the wall's location in the RGB image. Instead, the yellow areas seem to be scattered across the image without a clear pattern that corresponds to the wall."
66,wall,True,False,"The RGB image shows a wall with a door, which suggests that a 'wall' is indeed present. However, the similarity map does not correctly highlight the wall as the yellow areas do not align with the wall's location in the RGB image. Instead, the yellow areas seem to be scattered across the image without a clear pattern."
67,wall,True,False,"The RGB image shows a wall on the right side of the frame, which is consistent with the presence of a wall. However, the similarity map does not correctly highlight the wall as the area with high similarity (yellow). Instead, it appears that the map is highlighting a different object or region, possibly due to incorrect labeling or misalignment."
68,wall,True,False,"The RGB image shows a wall on the right side of the door. The similarity map does not correctly highlight the wall with yellow areas; instead, it appears to have a mix of colors without clear distinction that would indicate high similarity."
69,wall,True,False,"The wall is present in the RGB image as it forms the background behind the chair and the trash bin. However, the similarity map does not correctly highlight the wall with yellow areas. Instead, the map shows a mix of colors without clear distinction that would indicate high similarity in the area of the wall."
70,wall,True,False,"The RGB image shows a wall on the right side of the frame. The similarity map does not have any yellow areas indicating high similarity in the region where the wall is located, suggesting that the map does not correctly highlight the wall."
71,wall,False,False,"There is no wall visible in the RGB image, so it cannot be assessed if the similarity map correctly shows high similarity where the wall should be."
72,wall,True,False,"The wall is present in the RGB image, but the similarity map does not correctly highlight it with yellow areas. The map appears to be mostly green and blue, indicating low similarity across most of the image."
73,wall,True,False,"The RGB image shows a wall on the right side of the frame. The similarity map does not have any yellow areas indicating high similarity in the region where the wall is located, suggesting that the map does not correctly highlight the wall."
74,wall,False,False,"The RGB image shows a scene with a chair, a trash bin, and part of a wall. However, there is no clear indication of a 'wall' being present in the scene. The similarity map does not correspond to any specific object in the RGB image, making it impossible to determine if the map correctly shows high similarity where the 'wall' is located."
75,wall,True,False,"A wall is visible in the RGB image, but the similarity map does not accurately highlight it with yellow areas. The map appears to be more complex and does not clearly correspond to the wall in the scene."
76,wall,True,False,"A wall is present in the scene as indicated by the vertical structure behind the table. However, the similarity map does not correctly highlight the wall with yellow areas. Instead, it shows a pattern that does not align with the wall's location in the RGB image."
77,wall,False,False,"There is no wall visible in the RGB image, so it cannot be assessed if the similarity map correctly shows high similarity where the wall should be."
78,wall,False,False,"There is no wall visible in the RGB image, so it cannot be assessed if the similarity map correctly shows high similarity where the wall should be."
79,wall,True,False,"The wall is present in the RGB image, but the similarity map does not correctly highlight it with yellow areas. The map appears to be mostly green and blue, indicating low similarity across most of the image."
0,window,False,False,"There is no window visible in the RGB frame. The similarity map does not correspond to any object in the scene, as it appears to be a generic voxel similarity map without specific object detection."
1,window,False,False,"There is no window visible in the RGB frame. The similarity map does not correspond to any object in the scene, as it appears to be a generic voxel similarity map without specific object labels."
2,window,False,False,There is no window visible in the RGB frame. The similarity map does not correspond to any object that could be identified as a window.
3,window,False,False,There is no window visible in the RGB frame. The similarity map does not correspond to any object that could be identified as a window.
4,window,False,False,"There is no window visible in the RGB frame. The similarity map does not have any yellow areas that would correspond to a window, indicating that the map is not correctly highlighting the presence of a window."
5,window,False,False,"There is no window visible in the RGB frame. The similarity map does not have any yellow areas that would correspond to a window, indicating that the map is not correctly highlighting the presence of a window."
6,window,False,False,"There is no window visible in the RGB frame. The similarity map does not have any yellow areas that would correspond to a window, indicating that the map is not correctly highlighting the presence of a window."
7,window,False,False,"There is no window visible in the RGB frame. The similarity map does not show any yellow areas that would correspond to a window, indicating that the map is not correctly highlighting the presence of a window."
8,window,False,False,"There is no window visible in the RGB frame. The similarity map does not show any yellow areas that would correspond to a window, indicating that the map is not correctly highlighting the presence of a window."
9,window,False,False,"There is no window visible in the RGB frame. The similarity map does not show any yellow areas that would correspond to a window, indicating that the map is not correctly highlighting the object's location."
10,window,False,False,There is no window visible in the RGB image. The similarity map does not correspond to any object that could be identified as a window.
11,window,False,False,There is no window visible in the RGB frame. The similarity map does not have any yellow areas that correspond to the location of a window in the RGB image.
12,window,True,False,"A window is visible in the RGB frame, but the similarity map does not highlight any area with high similarity (yellow) that corresponds to the window's location. The map appears to be mostly green and blue, indicating low similarity across most of the image."
13,window,False,False,"There is no window visible in the RGB frame provided. The similarity map does not have any yellow areas that would correspond to a window, indicating that the map is not correctly highlighting the presence of a window."
14,window,False,False,There is no window visible in the RGB frame. The similarity map does not correspond to any object that could be identified as a window.
15,window,False,False,There is no window visible in the RGB image. The similarity map does not correspond to any object that could be identified as a window.
16,window,False,False,"There is no window visible in the RGB frame. The similarity map does not have any yellow areas that correspond to the location of a window, indicating that it is not correctly highlighting the object's location."
17,window,False,False,"There is no window visible in the RGB image. The similarity map does not have any yellow areas that would correspond to a window, as there is no window present in the scene."
18,window,False,False,"There is no window visible in the RGB frame provided. Therefore, it is not possible to assess the correctness of the similarity map as there is no actual window to compare with."
19,window,False,False,"There is no window visible in the RGB image. The similarity map does not have any yellow areas that would correspond to a window, as it appears to be a random distribution with no clear pattern indicating the presence of a specific object."
20,window,False,False,"There is no window visible in the RGB frame provided. The similarity map does not correspond to any object in the scene, as it appears to be a random pattern without any discernible structure or object."
21,window,False,False,"There is no window visible in the RGB image. Therefore, it is not possible for the similarity map to correctly highlight the location of a window."
22,window,False,False,"There is no window visible in the RGB image. The similarity map does not have any yellow areas that would correspond to a window, indicating that the map is not correctly highlighting the presence of a window."
23,window,False,False,"There is no window visible in the RGB image. The similarity map does not have any yellow areas that would correspond to a window, indicating that it is not correctly highlighting the object's location."
24,window,False,False,"There is no window visible in the RGB frame, so it cannot be assessed if the similarity map correctly highlights its location."
25,window,False,False,"There is no window visible in the RGB frame, so it cannot be assessed if the similarity map correctly highlights its location."
26,window,False,False,"There is no window visible in the RGB image. The similarity map does not have any yellow areas that would correspond to a window, indicating that the map is not correctly highlighting the presence of a window."
27,window,False,False,"There is no window visible in the RGB image. The similarity map does not have any yellow areas that would correspond to a window, indicating that the map is not correctly highlighting the presence of a window."
28,window,False,False,There is no window visible in the RGB frame. The similarity map does not correspond to any object that could be identified as a window.
29,window,False,False,"There is no window visible in the RGB image. Therefore, it is impossible for the similarity map to correctly highlight the location of a non-existent object."
30,window,False,False,"There is no window visible in the RGB image. The similarity map does not have any yellow areas that would correspond to a window, indicating that the map is not correctly highlighting the presence of a window."
31,window,False,False,"There is no window visible in the RGB image. The similarity map does not have any yellow areas that would correspond to a window, indicating that it is not correctly highlighting the object's location."
32,window,False,False,"There is no window visible in the RGB image. The similarity map does not have any yellow areas that would correspond to a window, indicating that the map is not correctly highlighting the presence of a window."
33,window,False,False,There is no window visible in the RGB frame. The similarity map does not correspond to any object that could be identified as a window.
34,window,False,False,There is no window visible in the RGB frame. The similarity map does not correspond to any object that could be identified as a window.
35,window,True,False,The RGB image shows a window on the left side of the frame. The similarity map does not accurately highlight the window as the yellow areas do not align with the window's location in the RGB image.
36,window,False,False,"There is no window visible in the RGB frame. The similarity map does not have any yellow areas that would correspond to a window, indicating that the map is not correctly highlighting the presence of a window."
37,window,False,False,"There is no window visible in the RGB image. The similarity map does not have any yellow areas that would correspond to a window, as it appears to be a uniform green with some darker areas indicating lower similarity."
38,window,False,False,"There is no window visible in the RGB image. The similarity map does not have any yellow areas that would correspond to a window, as it appears to be mostly green with some blue and yellow indicating lower similarity."
39,window,False,False,"There is no window visible in the RGB frame. The similarity map does not have any yellow areas that would correspond to a window, as there is no window present in the scene."
40,window,False,False,"There is no window visible in the RGB image. The similarity map does not have any yellow areas that would correspond to a window, indicating that it is not correctly highlighting the object's location."
41,window,False,False,"There is no window visible in the RGB frame. The similarity map does not have any yellow areas that would correspond to a window, indicating that the map is not correctly highlighting the presence of a window."
42,window,False,False,"There is no window visible in the RGB image. The similarity map does not have any yellow areas that would correspond to a window, indicating that the map is not correctly highlighting the presence of a window."
43,window,False,False,"There is no window visible in the RGB frame. The similarity map does not show any yellow areas that would correspond to a window, indicating that the map is not correctly highlighting the presence of a window."
44,window,False,False,"There is no window visible in the RGB image. The similarity map does not have any yellow areas that would correspond to a window, as it appears to be mostly green and blue, indicating low similarity across the entire image."
45,window,False,False,"There is no window visible in the RGB frame. The similarity map does not show any yellow areas that would correspond to a window, indicating that the map is not correctly highlighting the presence of a window."
46,window,False,False,"There is no window visible in the RGB image. The similarity map does not have any yellow areas that would correspond to a window, as it appears to be uniformly green with some darker shades indicating lower similarity."
47,window,False,False,"There is no window visible in the RGB image. The similarity map does not have any yellow areas that would correspond to a window, as it appears to be uniformly green with some variations in shade."
48,window,False,False,"There is no window visible in the RGB frame. The similarity map does not have any yellow areas that would correspond to a window, indicating that the map is not correctly highlighting the presence of a window."
49,window,False,False,"There is no window visible in the RGB frame. The similarity map does not have any yellow areas that would correspond to a window, indicating that it is not correctly highlighting the object's location."
50,window,False,False,"There is no window visible in the RGB image. The similarity map does not have any yellow areas that would correspond to a window, indicating that it is not correctly highlighting the object's location."
51,window,False,False,There is no window visible in the RGB image. The similarity map does not correspond to any object that could be identified as a window.
52,window,False,False,"There is no window visible in the RGB frame, so it cannot be assessed if the similarity map correctly highlights its location."
53,window,False,False,"There is no window visible in the RGB frame. The similarity map does not show any yellow areas that would correspond to a window, indicating that the map is not correctly highlighting the presence of a window."
54,window,False,False,"There is no window visible in the RGB frame. The similarity map does not show any yellow areas that would correspond to a window, as it appears to be mostly green with some blue areas indicating lower similarity."
55,window,False,False,"There is no window visible in the RGB frame. The similarity map does not have any yellow areas that would correspond to a window, as it appears to be mostly green with some blue and cyan areas indicating lower similarity."
56,window,False,False,There is no window visible in the RGB image. The similarity map does not have any yellow areas that would correspond to the location of a window in the scene.
57,window,False,False,"There is no window visible in the RGB frame. The similarity map does not have any yellow areas that would correspond to a window, indicating that it is not correctly highlighting the object's location."
58,window,False,False,There is no window visible in the RGB image. The similarity map does not correspond to any object that could be identified as a window.
59,window,False,False,"There is no window visible in the RGB image. The similarity map does not have any yellow areas that would correspond to a window, indicating that it is not correctly highlighting the object's location."
60,window,False,False,"There is no window visible in the RGB image. The similarity map does not have any yellow areas that would correspond to a window, indicating that it is not correctly highlighting the object's location."
61,window,False,False,"There is no window visible in the RGB image. The similarity map does not have any yellow areas that would correspond to a window, indicating that the map is not correctly highlighting the presence of a window."
62,window,False,False,"There is no window visible in the RGB image. The similarity map does not have any yellow areas that would correspond to a window, as there is no window present in the scene."
63,window,False,False,"There is no window visible in the RGB image. The similarity map does not have any yellow areas that would correspond to a window, as there is no window present in the scene."
64,window,False,False,"There is no window visible in the RGB image. The similarity map does not show any yellow areas that would correspond to a window, as there is no window present in the scene."
65,window,False,False,"There is no window visible in the RGB frame. The similarity map does not have any yellow areas that would correspond to a window, indicating that the map is not correctly highlighting the presence of a window."
66,window,False,False,"There is no window visible in the RGB frame. The similarity map does not show any yellow areas that would correspond to a window, indicating that the map is not correctly highlighting the object's location."
67,window,True,False,"A window is visible in the RGB frame, but the similarity map does not highlight the window with yellow areas. Instead, it shows a mix of green and blue hues, indicating low similarity across most of the image."
68,window,True,False,"The RGB image shows a frosted glass door which could be interpreted as a window. The similarity map does not correctly highlight the area corresponding to the window with high similarity (yellow areas), instead showing a mix of green and yellow tones across the entire image."
69,window,False,False,"There is no window visible in the RGB image. The similarity map does not have any yellow areas that would correspond to a window, as there is no window present in the scene."
70,window,False,False,"There is no window visible in the RGB image. The similarity map does not have any yellow areas that would correspond to a window, indicating that it is not correctly highlighting the object's location."
71,window,False,False,"There is no window visible in the RGB image. The similarity map does not have any yellow areas that would correspond to a window, indicating that it is not correctly highlighting the object's location."
72,window,False,False,"There is no window visible in the RGB image. The similarity map does not have any yellow areas that would correspond to a window, as there is no window present in the scene."
73,window,False,False,"There is no window visible in the RGB image. Therefore, it is not possible for the similarity map to correctly highlight the location of a window."
74,window,False,False,"There is no window visible in the RGB image. The similarity map does not have any yellow areas that would correspond to a window, indicating that the map is not correctly highlighting the presence of a window."
75,window,False,False,"There is no window visible in the RGB image. The similarity map does not have any yellow areas that would correspond to a window, indicating that the map is not correctly highlighting the presence of a window."
76,window,False,False,"There is no window visible in the RGB image. The similarity map does not have any yellow areas that would correspond to a window, indicating that it is not correctly highlighting the object's location."
77,window,False,False,"There is no window visible in the RGB image. The similarity map does not have any yellow areas that would correspond to a window, indicating that it is not correctly highlighting the object's location."
78,window,False,False,"There is no window visible in the RGB image. The similarity map does not have any yellow areas that would correspond to a window, indicating that the map is not correctly highlighting the presence of a window."
79,window,False,False,"There is no window visible in the RGB image. The similarity map does not show any yellow areas that would correspond to a window, indicating that the map is not correctly highlighting the presence of a window."
